,gap,true_gap
icsd-162555,2.129826,2.31
icsd-239083,2.3870614,1.47
icsd-245512,0.0022423416,0.0
icsd-4128,1.7876751,0.0
icsd-28056,6.454796,0.0
icsd-281575,0.0022423416,0.0
icsd-184676,0.11006219,0.59
icsd-237501,2.0753498,2.96
icsd-25649,1.6184201,0.6
icsd-414418,1.6819179,1.8
icsd-40154,2.9387596,0.0
icsd-638535,0.0022423416,0.0
icsd-413599,1.6369939,1.35
icsd-43896,0.0022423416,0.0
icsd-85305,0.0022423416,0.0
icsd-427690,2.1263893,2.26
icsd-76993,0.0022423416,0.0
icsd-605077,0.0022423416,0.0
icsd-623587,0.0022423416,0.0
icsd-23084,0.0022423416,0.0
icsd-247292,0.0022423416,0.0
icsd-643223,0.0022423416,0.0
icsd-85599,2.5360026,2.48
icsd-631609,0.0022423416,1.6616666666666664
icsd-253696,5.8708496,4.065
icsd-97360,0.0022423416,0.0
icsd-78157,0.0022423416,1.01
icsd-105939,0.0022423416,0.0
icsd-626322,0.57829565,0.0
icsd-10001,0.567327,0.0
icsd-418590,1.6375102,1.7
icsd-603666,1.1844895,1.3
icsd-632172,0.0022423416,0.0
icsd-163134,0.0022423416,0.0
icsd-411847,1.2868,1.59
icsd-411848,1.9271646,2.35
icsd-169101,0.0022423416,0.0
icsd-55340,0.0022423416,0.0
icsd-600838,1.256201,1.18
icsd-83492,0.0022423416,0.0
icsd-186059,0.0022423416,0.0
icsd-61517,6.6243315,6.3566666666666665
icsd-104439,0.0022423416,0.0
icsd-420087,1.0566088,2.51
icsd-24592,2.5210395,1.7299999999999998
icsd-670009,3.3843467,4.3
icsd-99128,1.6090673,1.485
icsd-413598,1.4878068,1.5
icsd-34051,0.0022423416,0.4
icsd-671925,10.00788,10.3
icsd-42524,0.0022423416,0.0
icsd-431884,0.6636642,0.0
icsd-648826,0.52578145,0.4
icsd-611135,1.3597925,0.91
icsd-262886,1.9330324,2.35
icsd-618536,0.0022423416,0.0
icsd-422014,1.0628788,1.5
icsd-9914,5.8089266,0.0
icsd-40763,0.0022423416,0.0
icsd-57936,0.0022423416,0.0
icsd-409668,1.1287588,0.6
icsd-411641,0.0022423416,0.0
icsd-624594,1.1340075,0.45
icsd-76295,0.0022423863,0.0
icsd-58045,0.0022423416,0.0
icsd-16350,0.0022423416,0.0
icsd-411056,0.0022423416,0.0
icsd-623921,0.0022423416,0.0
icsd-710082,0.0022423416,0.0
icsd-24386,2.8178413,3.1630000000000003
icsd-39323,0.0022423416,0.0
icsd-624289,0.0022423416,0.0
icsd-26654,1.738198,1.65
icsd-102053,0.0022423416,0.0
icsd-631590,0.0022423416,1.7
icsd-188654,6.9305716,6.89
icsd-239154,3.5808718,3.0
icsd-419026,0.0022423416,0.0
icsd-648815,0.0022423416,0.0
icsd-39360,0.0022423416,0.0
icsd-100355,2.6104412,0.0
icsd-197256,0.0022423416,0.0
icsd-106710,0.0022423416,0.0
icsd-251131,1.0161512,1.95
icsd-195370,4.253687,5.6
icsd-43284,1.3207296,0.1
icsd-656439,0.0022423416,0.0
icsd-626404,0.0022423416,0.0
icsd-82152,3.373546,2.3916666666666666
icsd-415737,0.0022423416,0.0
icsd-76482,0.0022423416,2.35
icsd-43359,1.3871078,1.4819399999999998
icsd-130018,7.297723,7.3
icsd-63501,0.0022423416,0.0
icsd-67656,1.7787107,1.54
icsd-610002,0.0022423863,0.0
icsd-38315,0.35959154,0.0
icsd-26882,1.0096481,1.09
icsd-104137,1.7275907,1.3
icsd-183443,3.645859,3.26
icsd-671988,0.0022423416,0.0
icsd-239634,2.782651,2.47
icsd-421485,2.1932127,2.25
icsd-166600,0.0022423416,0.0
icsd-291473,1.6951622,1.785714285714286
icsd-41554,1.9332108,2.625
icsd-23910,0.0022423416,0.0
icsd-2564,3.1307755,2.6
icsd-646003,1.6013652,1.12
icsd-430475,1.9789416,1.96
icsd-167663,0.0022423416,0.9159999999999999
icsd-611582,0.0022423416,0.0
icsd-57534,0.0022423416,0.0
icsd-249619,1.3515067,1.1
icsd-637697,0.0022423416,0.0
icsd-103926,0.0022423416,0.0
icsd-9564,0.0022423416,0.0
icsd-76053,1.1940087,0.0
icsd-239706,3.357645,2.89
icsd-414420,1.9074391,2.04
icsd-411543,0.0022423416,0.0
icsd-12146,0.6188755,0.23
icsd-43505,1.1164637,0.9
icsd-167649,0.0022423416,0.0
icsd-422199,3.385479,3.52
icsd-197202,0.0022423416,0.0
icsd-87201,0.0022423863,0.0
icsd-610297,0.0022423863,0.0
icsd-168448,1.6553718,1.8
icsd-170601,2.3992093,2.85
icsd-604279,0.0022423416,0.0
icsd-414479,0.0022423416,0.0
icsd-631660,0.0022423416,1.02
icsd-613247,0.0022423416,0.0
icsd-25651,1.7187135,1.182
icsd-1305,3.7334237,3.7
icsd-174173,0.0022423416,0.0
icsd-183442,3.032738,2.34
icsd-262888,2.3260462,2.31
icsd-236605,0.0022423416,0.0
icsd-58486,0.0022423416,0.0
icsd-58736,0.0022423416,0.0
icsd-30240,3.9713435,3.89
icsd-98333,0.0022423416,0.0
icsd-671517,8.631759,11.7
icsd-14285,0.9371696,1.36
icsd-104794,0.0022423416,0.0
icsd-76361,0.0022423416,0.0
icsd-61217,0.0022423416,0.0
icsd-419255,4.016629,3.7
icsd-50703,2.5880885,3.84
icsd-2481,1.9650791,1.64
icsd-44565,0.0022423416,0.0
icsd-618873,0.0022423863,0.0
icsd-53883,0.0022423416,0.0
icsd-104368,0.0022423416,0.0
icsd-620025,1.7640554,2.3600000000000003
icsd-648023,2.255096,1.4
icsd-184000,1.5652303,2.06
icsd-30360,0.034156814,0.72
icsd-261181,4.283621,2.87
icsd-241471,1.426744,1.87
icsd-260060,2.4104273,1.63
icsd-247698,0.117651165,0.7649999999999999
icsd-8263,5.360134,5.1
icsd-623653,0.0022423416,0.0
icsd-1581,0.61085796,0.0
icsd-100780,1.4142662,1.83
icsd-150532,0.0022423416,0.0
icsd-619154,0.0022423416,0.6
icsd-280644,2.0035214,2.19
icsd-187019,4.5696583,3.67
icsd-612031,0.0022423416,0.0
icsd-646590,0.0022423416,0.0
icsd-248943,1.2676384,1.35
icsd-607671,0.0022423416,0.0
icsd-261178,2.8464983,2.47
icsd-380397,1.1455052,0.46
icsd-2331,1.0951014,1.39
icsd-105979,0.0022423416,0.0
icsd-26844,3.628411,3.0
icsd-10500,1.1343418,0.46
icsd-409587,0.0022423416,0.0
icsd-81655,2.9792275,2.75
icsd-58451,0.0022423416,0.0
icsd-604448,1.5256473,1.3199999999999998
icsd-419898,0.0022423416,0.0
icsd-634476,0.0022423416,0.0
icsd-427493,0.0022423416,0.0
icsd-615666,0.0022423416,0.0
icsd-415349,0.0022423863,0.0
icsd-429278,2.2756445,2.4
icsd-670069,0.0022423416,0.0
icsd-659611,0.29953867,0.9
icsd-108795,0.0022423416,0.0
icsd-236487,0.0022423416,0.7
icsd-621681,0.0022423416,0.0
icsd-251548,4.0586185,3.9
icsd-156413,1.4305077,3.61
icsd-41445,0.4496296,0.2206315789473684
icsd-253317,0.0022423416,0.297
icsd-15344,0.4963996,0.8
icsd-153292,0.0022423416,0.0
icsd-159365,0.19238101,0.0
icsd-427691,2.0797923,2.04
icsd-44238,0.0022423416,0.0
icsd-41263,0.0022423416,0.0
icsd-81414,1.4314443,1.82
icsd-54474,0.0022423416,0.0
icsd-58050,0.0022423416,0.0
icsd-95009,0.0022423416,0.0
icsd-158980,0.0022423416,0.0
icsd-633086,0.0022423416,0.25
icsd-28898,0.21619521,3.6
icsd-54859,2.2891858,1.64
icsd-420302,1.9794631,1.55
icsd-171221,0.9825476,1.4
icsd-612474,0.0022423416,0.0
icsd-291337,0.0022423416,0.0
icsd-629739,0.0022423416,0.0
icsd-93759,2.622917,2.54
icsd-100079,1.5806013,1.18
icsd-43512,0.4281104,0.3
icsd-44052,0.0022423863,0.0
icsd-619872,2.1093497,3.42
icsd-106292,0.40696144,0.0
icsd-44914,0.0022428483,1.3
icsd-603067,0.0022423416,0.0
icsd-106192,0.0022423416,0.0
icsd-59564,0.0022423416,0.0
icsd-261183,3.3488424,3.16
icsd-152354,0.0022423416,0.0
icsd-409951,0.7469048,0.0
icsd-74978,0.0092431605,0.0
icsd-427796,2.6698227,3.42
icsd-640070,0.0022423416,0.0
icsd-71947,2.0667987,1.48
icsd-69791,0.0022423416,0.0
icsd-58283,0.0022423416,0.0
icsd-249646,3.413329,3.78
icsd-602551,0.0022423416,0.0
icsd-183656,2.9482324,2.65
icsd-61516,7.228284,6.99
icsd-58774,0.0022423416,0.0
icsd-405208,0.0022423416,0.0
icsd-611829,0.0022423416,0.0
icsd-656156,0.8549628,1.39
icsd-2857,0.071670316,0.85
icsd-104820,0.0022423416,0.0
icsd-261384,2.3742805,2.23
icsd-41256,0.0022423416,0.0
icsd-247911,0.0022423416,0.0
icsd-655775,2.2033577,2.4163333333333337
icsd-59562,0.0022423416,0.0
icsd-416574,1.6364815,1.53
icsd-420643,3.925531,5.39
icsd-410754,1.8940516,1.55
icsd-417039,0.8248611,1.915
icsd-41832,0.0022423416,0.0
icsd-609406,0.0022423416,0.0
icsd-670669,1.030501,2.6
icsd-61353,0.68069315,0.0
icsd-649260,2.8019805,2.64
icsd-50162,0.0022423416,0.0
icsd-672088,2.3462968,2.0
icsd-188521,2.9428816,0.0
icsd-96343,2.563942,3.12
icsd-81656,3.025727,2.92
icsd-186541,0.0022423416,0.0
icsd-427057,2.6519322,2.81
icsd-151207,0.0022423416,0.0
icsd-63616,0.0022423416,0.0
icsd-79123,2.4221458,3.25
icsd-243618,2.7818992,2.46
icsd-81433,1.6612065,2.2433333333333336
icsd-57594,0.0022423416,0.0
icsd-23244,3.5484424,3.0
icsd-417911,0.0022423416,0.0
icsd-146,2.8446553,1.95
icsd-87415,0.0022423416,0.2557142857142857
icsd-246813,0.0022423416,0.0
icsd-31654,1.872144,2.22
icsd-63594,0.0022423416,0.0
icsd-106817,0.0022423416,0.0
icsd-241838,0.97685325,3.48
icsd-601370,0.0022423416,0.0
icsd-238499,3.6718252,5.2
icsd-649465,0.0022423863,0.0
icsd-645758,0.0022423416,0.0
icsd-426706,0.9093041,2.18
icsd-420015,1.9615685,2.1
icsd-248036,2.6921184,2.2
icsd-102195,0.0022423416,0.0
icsd-84636,3.216344,3.52
icsd-108,1.806971,1.1
icsd-43638,0.0022423416,1.0
icsd-656759,0.0022423416,0.0
icsd-58739,0.0022423416,0.0
icsd-182659,0.0022423416,0.0
icsd-105398,0.0022423416,0.0
icsd-73956,2.2870414,2.45
icsd-391107,0.0022423416,0.0
icsd-249620,1.6609024,1.56
icsd-107314,0.0022423416,0.0
icsd-242276,5.490691,4.9
icsd-253442,2.594963,2.6
icsd-611405,1.306326,0.88
icsd-411823,0.0022423416,0.0
icsd-39898,0.0022423416,0.0
icsd-192066,0.0022423416,0.0
icsd-425889,4.2002296,2.34
icsd-262005,6.8933506,6.89
icsd-202429,1.7883632,4.2
icsd-1964,2.1595047,2.095
icsd-646183,0.0022423416,0.0
icsd-82145,1.7188225,2.3
icsd-159134,0.0022423416,0.0
icsd-73352,0.5258767,0.9159999999999999
icsd-197377,0.0022423863,0.0
icsd-238088,3.6410897,5.69
icsd-76056,0.0022423416,0.0
icsd-42988,0.0022423416,0.0
icsd-246630,0.0022423416,0.0
icsd-619796,0.0022423416,0.0
icsd-239113,2.4218464,2.85
icsd-169802,0.0022423416,0.0
icsd-253643,2.9925432,1.76
icsd-410992,0.0022423416,0.0
icsd-92130,0.122891694,4.0
icsd-671869,1.3801295,1.6
icsd-42740,1.2711139,1.165
icsd-615469,0.4307871,3.5
icsd-245624,1.2671149,2.3
icsd-425492,1.2752086,0.645
icsd-164961,2.1995986,2.932183333333333
icsd-53726,0.0022423416,0.0
icsd-194191,2.8701255,2.16
icsd-155112,3.124167,2.6
icsd-155555,0.93386793,4.85
icsd-413319,1.4507891,1.41
icsd-415893,1.0461314,1.4
icsd-280846,2.5551295,2.035
icsd-62027,0.0022423416,0.0
icsd-168700,2.3546178,1.65
icsd-622703,0.0022423416,0.0
icsd-621725,0.0022423416,0.0
icsd-189036,0.0022423416,0.0
icsd-672227,0.0022423416,0.0
icsd-44442,0.0022423416,0.0
icsd-42943,0.0022423416,0.0
icsd-408195,0.0022423863,0.55
icsd-26766,0.4845279,0.5
icsd-77933,0.0022423416,0.66
icsd-52476,0.0022423416,0.0
icsd-95667,3.5041099,3.3
icsd-186645,0.0022423416,0.0
icsd-174520,2.7721534,1.97
icsd-262681,0.16533521,1.86
icsd-422200,3.8961911,4.06
icsd-601264,2.0420961,2.07
icsd-68638,2.159059,1.625
icsd-611729,0.0022423416,0.0
icsd-28900,4.2607517,4.7799999999999985
icsd-197584,0.0022423416,0.0
icsd-620520,1.3588619,1.5494374999999998
icsd-4074,2.5328896,2.56
icsd-165226,0.57801044,0.375
icsd-23649,1.6635188,1.38
icsd-102247,0.0022423416,0.0
icsd-53098,0.0022423416,0.0
icsd-611603,1.134891,1.0266666666666666
icsd-171243,0.0022423416,0.0
icsd-108130,0.0022423416,0.0
icsd-195134,2.624667,2.47
icsd-607405,0.0022423416,0.0
icsd-658118,0.0022423416,0.0
icsd-658101,0.0022423416,0.0
icsd-2345,0.0022423416,0.4300000000000001
icsd-425554,2.0208626,3.2
icsd-53335,3.2409968,3.0
icsd-402422,2.3223917,2.82
icsd-34234,0.10136402,1.61
icsd-410403,0.0022423863,0.0
icsd-50556,1.3078972,0.9916666666666668
icsd-152947,0.0022423416,0.0
icsd-57363,0.0022423416,0.0
icsd-71183,0.0022423416,0.0
icsd-672175,0.042992353,0.2399166666666667
icsd-68458,0.0022423416,0.0
icsd-35361,1.7205722,2.12
icsd-162142,0.0022423416,0.0
icsd-53745,0.0022423416,0.0
icsd-428852,0.0022423416,0.43
icsd-183101,2.699838,3.255
icsd-10472,2.4441664,2.3
icsd-262642,3.517814,3.61
icsd-631640,1.0372946,1.6
icsd-97949,0.0022423416,0.0
icsd-50960,2.2610676,2.25
icsd-44546,0.0022423416,0.0
icsd-248944,1.6191846,1.36
icsd-63640,2.8315103,2.9
icsd-151871,0.73348737,0.47
icsd-609228,0.0022423416,0.0
icsd-647528,2.93863,3.4
icsd-412726,0.0022423416,0.0
icsd-611521,0.0022423416,1.18
icsd-102180,0.0022423416,0.0
icsd-625852,0.0022423416,0.0
icsd-93086,4.6772966,5.6
icsd-42486,0.0022423416,0.0
icsd-42443,1.910522,2.696
icsd-616637,0.0022423416,0.0
icsd-672072,4.521185,4.42
icsd-99796,1.6596882,1.709
icsd-60327,2.6875918,2.5347777777777774
icsd-85795,0.0022423416,0.0
icsd-428734,2.1615248,2.13
icsd-601802,0.0022423416,0.0
icsd-412790,1.6288774,1.375
icsd-627027,0.0022423416,0.0
icsd-38105,1.391024,1.5
icsd-607817,0.0022423416,0.0
icsd-74193,2.5465405,3.05
icsd-78791,1.8742833,1.9315714285714287
icsd-66761,0.0022423416,0.0
icsd-653090,0.6838587,0.0
icsd-53083,0.0022423416,0.0
icsd-619572,3.1168425,4.9350000000000005
icsd-190954,1.7569722,1.8633333333333333
icsd-197373,0.0022423416,0.0
icsd-35331,0.0022423416,2.14
icsd-9305,4.5751486,0.0
icsd-76982,2.8982205,0.0
icsd-193778,2.314027,1.92
icsd-152339,0.0022423416,0.0
icsd-415986,3.3396285,3.3
icsd-639230,0.0022423416,0.0
icsd-171373,2.3050663,1.93
icsd-202324,1.1848974,3.6625
icsd-44175,0.0022423416,0.0
icsd-616437,0.0022423416,0.0
icsd-243496,4.35303,4.83
icsd-648992,0.0022423416,0.0
icsd-81542,0.0022423416,0.0
icsd-43203,0.0022423416,0.0
icsd-73169,0.34930867,0.0
icsd-109353,0.30312806,0.0
icsd-61755,0.0022423416,0.0
icsd-50081,0.0022423416,0.0
icsd-194795,3.6548073,4.39
icsd-183371,0.0022423416,0.0
icsd-82143,2.2637565,2.2
icsd-260114,4.732317,5.38
icsd-630195,1.0759542,0.0
icsd-102433,0.0022423416,0.0
icsd-54698,2.9623592,3.4410000000000003
icsd-106348,0.0022423416,0.0
icsd-54682,1.8611041,0.0
icsd-85680,1.9678401,2.2
icsd-412838,0.0022423416,0.0
icsd-22221,1.3406324,0.51
icsd-59487,0.0022423416,0.0
icsd-411457,0.0022423416,0.0
icsd-670078,0.8116932,0.0
icsd-25573,2.1175003,1.91
icsd-108250,0.0022423416,0.0
icsd-430311,2.598341,2.35
icsd-190792,0.0022423416,0.0
icsd-290387,0.0022423416,0.0
icsd-103340,0.0022423416,0.0
icsd-90082,0.0022423416,0.0
icsd-411666,2.9521096,2.76
icsd-246615,0.0022423416,0.0
icsd-89499,2.1876986,1.12
icsd-430240,4.593527,4.64
icsd-185971,2.6654935,2.924
icsd-412397,0.8094103,0.0
icsd-414233,0.0022423863,0.0
icsd-102295,0.0022423863,0.0
icsd-612562,2.421583,1.64
icsd-601730,0.0022423416,0.67
icsd-23760,1.4852859,1.67
icsd-33785,2.3335414,2.55
icsd-627794,1.6739984,2.1
icsd-16500,2.1673074,2.1035
icsd-54901,2.591012,1.8
icsd-193009,0.0022423416,0.0
icsd-672470,0.0022423416,0.0
icsd-66959,0.0022423416,0.0
icsd-14164,0.0022423416,0.0
icsd-105603,0.0022423416,0.0
icsd-107883,0.0022423416,0.0
icsd-637713,0.0022423416,0.0
icsd-60769,1.4179035,0.0
icsd-650713,0.71066105,0.25
icsd-415875,3.1095264,3.37
icsd-671959,1.8392916,3.3
icsd-20773,2.0310774,1.7
icsd-105943,0.0022423416,0.0
icsd-90117,1.1845406,2.0
icsd-35336,0.37488317,1.935
icsd-670755,0.0022423416,2.3
icsd-641620,0.0022423416,0.0
icsd-420783,3.77162,2.65
icsd-253339,4.165355,3.1
icsd-79025,5.3210964,8.0
icsd-20700,0.0022423416,0.0
icsd-187453,1.9292132,2.288333333333333
icsd-281194,1.532949,1.68
icsd-636380,0.0022423863,0.0
icsd-671518,9.056957,9.33
icsd-16728,0.6832794,0.95
icsd-197309,0.0022423416,0.0
icsd-262209,3.4423022,2.66
icsd-58427,0.6386232,2.3
icsd-428795,0.0022423416,0.0
icsd-68074,0.0022423416,0.0
icsd-670182,1.1303864,1.07
icsd-414235,0.0022423416,0.0
icsd-58157,0.0022423416,0.0
icsd-247413,0.0022423416,0.0
icsd-427123,0.0022423416,0.0
icsd-623812,0.0022423416,0.0
icsd-657544,0.0022423416,0.0
icsd-170188,2.4874268,2.13
icsd-44192,0.0022423416,0.0
icsd-195334,1.990428,1.4
icsd-638847,3.609717,2.9
icsd-73324,2.5893085,2.14
icsd-414434,0.0022423416,0.0
icsd-156887,0.0022423416,0.0
icsd-20689,2.6634214,2.3
icsd-262885,1.7765622,1.87
icsd-55116,0.70510757,4.5
icsd-423016,1.394411,1.38
icsd-10466,0.0022423416,0.0
icsd-671801,0.0022423416,0.0
icsd-79215,0.20190665,0.65
icsd-28864,6.138359,6.0
icsd-412806,0.0022423416,0.0
icsd-606267,0.0022423416,0.0
icsd-15931,1.5536343,2.0125
icsd-43856,0.0022423863,0.0
icsd-104541,0.0022423416,0.0
icsd-252839,0.0022423416,0.0
icsd-65441,2.8087544,3.3800000000000003
icsd-413597,1.3540825,1.53
icsd-62736,8.835718,10.39
icsd-103026,0.0022423416,0.0
icsd-54480,0.0022423416,0.0
icsd-107692,0.0022423416,0.0
icsd-72107,0.9527373,4.0
icsd-643685,0.0022423416,0.0
icsd-190345,3.0922887,2.8
icsd-57504,0.0022423416,0.0
icsd-89502,4.082814,0.0
icsd-237793,2.3484108,2.0
icsd-183317,0.0022423416,0.0
icsd-237794,2.26058,2.0
icsd-74446,3.7296345,1.3650000000000002
icsd-186421,0.0022423416,0.0
icsd-157388,0.0022423416,0.0
icsd-260989,0.0022423416,0.0
icsd-422057,4.7068377,4.25
icsd-419876,0.24870808,0.0
icsd-77393,0.0022423416,0.0
icsd-51978,0.0022423416,0.0
icsd-656996,0.0022423416,1.02
icsd-239095,3.6106217,3.56
icsd-671780,0.0022423416,0.0
icsd-418015,0.0022423416,0.0
icsd-86028,0.0022423416,0.0
icsd-425890,5.1075897,2.66
icsd-79376,1.1705058,0.0
icsd-672359,0.0022423863,0.0
icsd-616863,0.0022423416,0.0
icsd-76681,0.0022423416,0.0
icsd-639438,0.0022423416,1.856666666666667
icsd-75532,0.7007739,0.0
icsd-614215,0.0022423416,0.0
icsd-261782,0.0022423416,0.0
icsd-41711,2.0352654,1.98
icsd-250750,3.6334898,3.64
icsd-31982,0.0022423416,0.0
icsd-420017,2.15449,1.9
icsd-649155,0.0022423416,0.0
icsd-640950,1.6533492,0.9
icsd-183654,2.6185353,2.32
icsd-74817,0.0022423416,0.0
icsd-31284,4.1334977,9.9
icsd-6031,2.5002894,0.0
icsd-44826,0.0022423416,0.0
icsd-426333,2.9524786,3.22
icsd-106663,0.0022423416,0.0
icsd-60856,1.5288502,0.0
icsd-104557,0.0022423416,0.0
icsd-83905,0.0022423416,0.0
icsd-638924,0.0022423416,0.0
icsd-670131,2.260135,3.5
icsd-105817,0.0022423416,0.0
icsd-626847,0.0022423416,0.0
icsd-237150,0.0022423416,0.0
icsd-629735,2.335104,2.81
icsd-182267,1.0786078,1.31
icsd-202767,2.3027685,3.42
icsd-105929,0.0022423863,0.0
icsd-94647,1.8201225,1.923333333333333
icsd-243727,1.6495944,1.94
icsd-106784,0.0022423416,0.0
icsd-53944,3.5961728,4.0
icsd-237340,0.19348396,2.8
icsd-649147,0.0022423416,0.0
icsd-77377,6.2607985,0.0
icsd-76802,0.0022423416,0.0
icsd-62764,0.0022423416,0.0
icsd-430578,2.6232667,2.1
icsd-237764,6.127944,7.3
icsd-615181,0.0022423416,4.9
icsd-49577,0.0022423416,0.0
icsd-261681,2.697664,2.55
icsd-81657,2.6836174,2.37
icsd-658826,0.0022423416,0.0
icsd-670046,3.280631,3.6
icsd-191648,0.0022423416,0.0
icsd-631721,1.9200199,1.9
icsd-106806,0.0022423416,0.0
icsd-160908,0.0022423416,0.0
icsd-252048,2.3181465,1.9
icsd-52607,0.0022423416,0.0
icsd-411824,0.0022423416,0.0
icsd-25647,1.9879744,1.955
icsd-418257,2.218865,0.8
icsd-167769,0.0022423416,0.0
icsd-408696,0.0022423416,0.0
icsd-181895,0.0022423416,0.0
icsd-52369,0.6912125,5.15
icsd-637511,1.604704,2.16
icsd-650917,0.0022423863,2.3
icsd-85679,2.7272892,2.63
icsd-155802,0.0022423416,0.0
icsd-103955,0.0022423416,0.0
icsd-241837,3.384787,3.46
icsd-154103,1.6634036,0.9
icsd-248221,3.1133642,2.34
icsd-424284,2.68568,2.54
icsd-262208,3.265254,2.13
icsd-606899,0.0022423416,0.0
icsd-73252,0.0022423416,0.0
icsd-602675,0.0022423416,0.0
icsd-603783,0.0022423416,0.0
icsd-413600,1.408532,1.45
icsd-406,0.0022423416,0.0
icsd-84305,2.4895236,2.19
icsd-410401,0.0022423416,0.0
icsd-93761,1.9057347,2.376666666666667
icsd-414072,0.0022423416,0.0
icsd-427986,3.2044318,2.37
icsd-249964,0.9537227,1.0
icsd-633642,0.0022423416,0.0
icsd-30732,0.0022423416,0.0
icsd-100001,0.6005479,1.459
icsd-262884,2.2611768,2.27
icsd-651158,0.0022423416,0.0
icsd-60822,0.0022423416,0.0
icsd-418475,1.6910589,0.79
icsd-646013,0.5995551,1.6
icsd-249342,0.0022423416,0.0
icsd-640507,1.3601167,1.254725
icsd-74546,2.1874425,2.2
icsd-200263,2.032699,2.063333333333333
icsd-183373,3.8497608,4.17
icsd-423705,4.872854,3.2
icsd-66841,1.8978444,1.83
icsd-635414,2.236539,1.8
icsd-20554,0.0022423416,0.0
icsd-629080,1.2833478,2.1
icsd-602078,0.0022423416,0.0
icsd-604698,2.599786,3.13
icsd-173575,0.0022423416,0.0
icsd-74020,1.9612726,2.08
icsd-415195,0.0022423416,0.0
icsd-25323,1.1199012,0.0
icsd-424353,4.737097,4.78
icsd-416515,0.12419987,0.0
icsd-58907,0.0022423416,0.0
icsd-196952,0.0022423416,0.0
icsd-24280,0.0022423416,0.0
icsd-108208,0.0022423416,0.0
icsd-191760,0.0022423416,0.0
icsd-97341,0.0022423416,0.0
icsd-87915,0.0022423416,0.0
icsd-86728,0.0022423416,0.0
icsd-416379,0.0022423416,0.0
icsd-601828,0.0022423416,0.0
icsd-84182,1.829948,1.465
icsd-237339,2.3250618,3.03
icsd-99253,0.76426274,0.0
icsd-651107,1.9857544,2.4400000000000004
icsd-86690,0.0022423416,0.0
icsd-15129,0.0022423416,0.0
icsd-650611,1.11463,1.0
icsd-657419,0.0022423863,0.0
icsd-252702,2.1103973,3.59
icsd-159229,0.0022423416,0.0
icsd-243763,3.6608214,2.48
icsd-412621,2.1398375,2.0
icsd-103211,0.0022423416,0.0
icsd-419880,0.0022423416,0.0
icsd-261399,0.98368937,2.43
icsd-100464,3.4687378,3.0569999999999995
icsd-160911,0.0022423416,0.0
icsd-160707,0.0022423416,0.0
icsd-8249,1.6040498,1.6700769230769232
icsd-58348,0.0022423416,0.0
icsd-424288,3.1308699,3.79
icsd-649208,0.0022423416,0.0
icsd-173844,1.1611557,2.1
icsd-42318,8.548096,3.8
icsd-636520,0.0022423416,0.0
icsd-41792,0.0022756755,0.0
icsd-193784,2.656707,2.04
icsd-76099,0.0022423416,0.0
icsd-51948,0.0022423416,0.0
icsd-290795,0.0022423416,0.0
icsd-648313,0.0022423416,0.0
icsd-58771,0.0022423416,0.55
icsd-51499,0.0022423416,0.18
icsd-195596,0.0022423416,3.2
icsd-155557,5.7137384,6.15
icsd-80292,1.54223,0.365
icsd-410178,2.0456867,1.745
icsd-671431,0.0022423416,0.2
icsd-39509,0.0022423416,0.0
icsd-637675,0.0022423863,0.0
icsd-641885,2.0063844,2.01
icsd-20442,0.0022423416,0.0
icsd-427410,1.0062506,0.29
icsd-15317,0.3419475,0.8449999999999999
icsd-30769,0.0022423416,0.0
icsd-27464,0.0022446662,1.0
icsd-631668,1.6444277,1.8
icsd-57641,0.0022423416,0.0
icsd-160141,1.0543742,0.0
icsd-163465,3.0222306,3.3760000000000003
icsd-55617,0.0022423416,0.0
icsd-78780,2.127314,2.3
icsd-108583,0.0022423416,0.0
icsd-625221,0.0022423416,0.0
icsd-281433,2.6749237,2.56
icsd-418010,0.0022423416,0.0
icsd-28748,1.7007527,1.6738333333333333
icsd-29336,0.0022423416,0.0
icsd-291003,0.60833985,0.0
icsd-183544,0.0022423416,0.0
icsd-23490,0.0022423416,0.0
icsd-103359,0.0022423416,0.0
icsd-185961,0.0022423416,0.0
icsd-429950,2.2482917,2.13
icsd-58797,0.0022423416,0.7
icsd-188397,0.0022423416,0.0
icsd-261756,4.1434917,3.47
icsd-74021,1.8496233,1.44
icsd-96247,0.0022423416,0.0
icsd-54951,0.0022423416,0.0
icsd-30770,0.0022423416,0.0
icsd-239153,3.569971,2.9
icsd-416955,1.1963644,0.0
icsd-103452,0.0022423416,0.0
icsd-260113,5.2866697,5.76
icsd-104573,0.0022423416,0.0
icsd-627486,2.365942,2.4428571428571426
icsd-22091,0.9644429,0.0
icsd-174090,2.491671,1.5324000000000002
icsd-652029,1.0503161,0.37
icsd-241839,1.4772906,3.53
icsd-420853,2.2315557,3.06
icsd-291598,2.631872,2.77
icsd-262682,1.1661074,1.78
icsd-77352,0.0022423416,0.0
icsd-611384,0.0022423416,0.0
icsd-58794,0.0022423416,0.0
icsd-637451,0.0022423416,0.0
icsd-651757,0.0022423416,0.0
icsd-344,0.2419875,0.0
icsd-196934,0.0022423416,0.0
icsd-107402,0.0022423416,0.0
icsd-40316,2.2418818,2.347
icsd-409867,0.0022423416,0.0
icsd-622804,0.0022423416,0.0
icsd-617647,0.0022423416,0.0
icsd-249618,2.04448,1.26
icsd-182747,1.4109774,0.9
icsd-189199,3.7446632,2.58
icsd-104709,0.0022423416,0.0
icsd-16496,0.0022423416,0.0
icsd-607072,2.4442859,3.5
icsd-241209,0.0026416034,0.0
icsd-167917,0.0022423863,0.0
icsd-246171,0.0022423863,0.0
icsd-107954,1.955241,0.7
icsd-419443,1.365209,2.0
icsd-66750,0.0022423416,0.0
icsd-196975,0.0022423416,0.0
icsd-23153,0.23946144,0.0
icsd-77697,0.0022423416,0.0
icsd-416138,0.0022423416,0.0
icsd-248940,1.4586765,1.36
icsd-77316,0.0022423416,0.0
icsd-166275,1.1158259,0.65
icsd-185482,0.0022423416,0.8
icsd-57974,0.0022423416,0.0
icsd-637206,0.0022423416,0.0
icsd-79,1.3655368,1.1
icsd-415553,3.5323808,3.4
icsd-102803,0.0022423416,0.0
icsd-79760,5.132128,0.0
icsd-411432,1.8777376,1.02
icsd-171214,1.7867821,1.3
icsd-161763,3.4561052,3.65
icsd-659489,0.0022423416,3.6
icsd-107023,0.0022423416,0.0
icsd-262887,1.828903,1.95
icsd-628957,1.3865863,1.0
icsd-422640,2.9402988,3.73
icsd-102864,0.0022423416,0.0
icsd-160088,1.1368246,0.0
icsd-73376,0.6718648,0.155
icsd-610999,0.0022423416,1.04
icsd-249872,3.5034738,3.1
icsd-425179,2.2209802,1.92
icsd-90900,0.0046067387,0.0
icsd-172357,0.0022423416,0.0
icsd-170867,0.0022423416,0.0
icsd-610437,0.0022423416,0.0
icsd-429629,1.9666835,2.4
icsd-52408,0.0022423416,0.0
icsd-670173,0.0022423416,0.0
icsd-614079,0.0022423416,0.0
icsd-248035,2.5713198,2.2
icsd-240366,1.7103348,2.2
icsd-649646,0.0022423416,0.0
icsd-56400,0.0022423416,0.0
icsd-155836,0.6422521,0.0
icsd-58503,0.0022423416,0.0
icsd-428424,0.36337614,1.31
icsd-43041,0.0022423416,0.0
icsd-24803,0.0024632514,2.27
icsd-43357,0.96747947,0.7033333333333333
icsd-1142,1.9377779,2.5
icsd-67370,0.0022423416,0.0
icsd-629000,0.44628572,0.355
icsd-615348,0.0022423416,0.0
icsd-417135,1.4288653,2.0
icsd-650546,0.0022423416,0.0
icsd-170035,0.8925577,0.0
icsd-432105,3.1276004,3.73
icsd-609573,0.0022423416,0.0
icsd-106351,0.0022423416,0.0
icsd-58947,0.0022423416,0.0
icsd-157537,2.3249855,3.4
icsd-631186,0.0022450536,0.9
icsd-652076,1.1803876,0.0
icsd-104277,0.0022423863,0.0
icsd-610526,0.0022423416,0.6
icsd-420032,1.8110399,2.02
icsd-93876,1.7982236,1.35
icsd-23307,2.2233434,2.17
icsd-245293,0.0022423416,0.0
icsd-41761,0.0022423416,0.0
icsd-81977,4.040788,3.9
icsd-252582,6.0239315,4.6
icsd-53287,0.2848611,0.0
icsd-242281,2.1278574,2.06
icsd-202001,1.219348,0.0
icsd-415877,3.4334662,3.41
icsd-238682,1.8742176,1.74
icsd-418180,0.0022423416,0.0
icsd-52612,0.0022430718,0.0
icsd-30613,0.0022423416,0.0
icsd-104302,0.0022423416,0.0
icsd-72976,0.4266404,0.53
icsd-624874,0.0022423416,0.0
icsd-672291,0.0022464097,0.25
icsd-61519,2.1216414,2.991275
icsd-413720,0.0022423416,0.0
icsd-240989,4.47966,0.0
icsd-44127,0.6624255,1.09
icsd-43594,1.9974426,1.62
icsd-410750,0.0022423416,0.0
icsd-642013,0.0022423416,0.43
icsd-252000,3.2096553,3.1
icsd-59230,1.2818279,0.0
icsd-300271,0.0022423416,0.0
icsd-154741,0.3990575,0.24
icsd-418589,1.8948269,1.8
icsd-99134,0.0022423416,0.0
icsd-186787,2.9799855,4.1850000000000005
icsd-76843,0.0022423416,0.0
icsd-262995,4.495391,3.68
icsd-427398,6.2380505,6.89
icsd-41763,1.0311677,0.0
icsd-90118,1.2738203,1.7
icsd-638846,1.7088777,2.9166666666666665
icsd-37417,2.0288887,0.0
icsd-416816,0.0022423416,0.0
icsd-150148,0.0022423416,0.0
icsd-191674,0.0022423416,0.0
icsd-646447,0.0022423416,0.42
icsd-97563,0.8696153,2.43
icsd-58301,0.0022423416,0.0
icsd-652406,0.0022423416,0.0
icsd-280847,2.6355374,2.35
icsd-200563,0.64030254,0.0
icsd-106228,0.0022423416,0.0
icsd-57560,0.0022423416,0.0
icsd-44468,0.0022423416,0.0
icsd-672073,2.500004,3.75
icsd-261387,2.1393003,2.58
icsd-425081,1.2180027,1.41
icsd-97539,1.3299735,0.0
icsd-281723,3.19542,3.0
icsd-76673,0.0022423416,0.0
icsd-657111,0.0022423416,0.0
icsd-109226,0.57984877,0.0
icsd-33990,2.0333588,1.5
icsd-637305,0.0022423863,0.0
icsd-97559,1.6216545,2.17
icsd-600799,1.3314228,1.2
icsd-237364,3.0851328,2.74
icsd-15770,0.0022423416,0.0
icsd-16448,0.0022423416,0.0
icsd-23129,0.4084376,0.0
icsd-412208,0.0022423416,0.0
icsd-191273,0.0022423416,0.0
icsd-56572,2.1241813,2.3480000000000003
icsd-426330,3.0153308,2.47
icsd-410569,0.0022423416,0.0
icsd-87348,0.0022423416,0.0
icsd-73780,3.3586848,3.34
icsd-74514,1.0605214,0.7
icsd-152375,3.041242,2.8
icsd-456,0.0022423416,0.0
icsd-23176,2.483368,1.5
icsd-651692,0.0022423416,0.0
icsd-95175,0.0022423416,0.0
icsd-55931,0.0022423416,0.0
icsd-155269,2.411098,2.21
icsd-637856,1.7139646,2.38125
icsd-300225,0.5037574,0.3
icsd-670491,0.66551936,0.0
icsd-68656,0.41378808,0.0
icsd-33915,0.0022423416,0.0
icsd-248295,2.6168153,2.64
icsd-52640,0.0022423416,0.0
icsd-77385,0.0022423416,0.0
icsd-241472,1.5811656,1.66
icsd-42757,0.0022490174,0.0
icsd-611289,0.8760785,0.8
icsd-427666,4.829049,4.23
icsd-252050,1.8207059,2.02
icsd-262892,2.3687427,2.27
icsd-419600,1.1690729,1.85
icsd-672111,1.1800476,0.945
icsd-78740,0.0022423416,0.0
icsd-290959,1.9188156,3.4
icsd-251739,3.539986,1.93
icsd-619548,2.6797612,2.32
icsd-606294,0.0022423416,0.0
icsd-43828,0.39187646,0.0
icsd-54999,0.0022423416,0.0
icsd-58158,0.0022423416,0.0
icsd-109307,0.0022423416,0.0
icsd-103437,0.0022423416,0.0
icsd-159206,3.8127365,4.5
icsd-429490,1.8070383,2.27
icsd-93240,0.0022423416,0.0
icsd-671735,0.07512015,3.4125
icsd-154012,0.0022423416,0.0
icsd-29204,3.336964,4.4
icsd-659268,0.0022423416,0.0
icsd-251051,4.0037336,4.0
icsd-411798,0.0022423416,0.0
icsd-239112,2.376317,2.53
icsd-106105,0.0022423416,0.0
icsd-36020,0.0022423416,0.0
icsd-425761,1.236496,1.86
icsd-61265,0.35604277,0.0
icsd-408415,1.9106702,1.5
icsd-23724,2.2118306,2.0
icsd-108979,2.9051273,2.65
icsd-10104,0.6461241,0.0
icsd-657621,0.0022423416,0.0
icsd-72476,0.0022423416,0.0
icsd-415888,0.0022423416,0.0
icsd-66960,0.0022423416,0.0
icsd-88019,0.0022423416,0.0
icsd-261678,2.1643844,1.55
icsd-614432,0.0022423416,0.0
icsd-103442,0.0022423416,0.0
icsd-243494,2.9970238,4.84
icsd-420638,0.14309733,3.52
icsd-639737,0.0022423416,0.0
icsd-418558,3.7757308,2.96
icsd-249546,2.7367423,2.597
icsd-243495,4.2909822,4.76
icsd-639200,0.4890925,0.2416666666666666
icsd-57074,0.0022423416,0.0
icsd-190597,0.8959742,2.6133333333333333
icsd-652205,0.002257228,1.5
icsd-151193,0.0022423416,0.0
icsd-44169,0.0022423416,0.0
icsd-623793,0.0022423416,0.0
icsd-612687,0.2876277,4.5
icsd-62400,0.0022423416,0.23
icsd-86805,0.0022423416,0.0
icsd-418588,1.8748308,2.0
icsd-291295,3.5739653,3.8
icsd-185784,2.4554791,2.4
icsd-170563,2.165122,2.6
icsd-23578,0.0022423416,0.0
icsd-640790,0.0022423416,0.0
icsd-196823,0.73308766,0.6166666666666667
icsd-250676,3.404391,3.3
icsd-619114,0.0022423416,0.0
icsd-612443,0.0022423416,0.0
icsd-173622,1.3573091,2.0
icsd-638781,0.0022423416,0.0
icsd-95206,0.0022423416,0.0
icsd-56236,0.0022423416,0.0
icsd-50959,2.5936112,2.58
icsd-200601,0.796082,0.0
icsd-82674,0.79384655,0.0
icsd-60442,2.379541,2.0
icsd-104152,0.0022423416,0.0
icsd-84918,1.7528121,0.0
icsd-424343,0.0022423416,0.0
icsd-249621,1.6794174,1.61
icsd-670168,0.0022423416,0.185
icsd-161491,0.0022423416,0.495
icsd-107610,0.0022423416,0.0
icsd-200009,1.0107172,0.0
icsd-60233,7.108861,6.6
icsd-2492,0.63532674,0.51
icsd-252002,3.0234032,3.1
icsd-407246,0.0022423416,0.0
icsd-180271,2.4931676,2.51
icsd-200798,2.2364883,2.8
icsd-150662,0.0022423416,0.0
icsd-195132,4.6533117,4.5
icsd-672383,2.9164934,3.7
icsd-16515,0.0022423416,0.0
icsd-44925,0.0022423416,0.0
icsd-262502,4.888814,6.53
icsd-95668,3.605624,3.8
icsd-106529,0.0022423863,0.0
icsd-183099,4.425296,4.0
icsd-9935,6.2697163,0.0
icsd-262210,3.1443207,3.37
icsd-105709,0.0022423416,0.0
icsd-61672,6.906908,7.261666666666668
icsd-58505,0.0022423416,0.0
icsd-417452,0.0022423416,0.0
icsd-710063,2.4329865,2.36
icsd-425279,5.115596,4.76
icsd-58535,0.0022423416,0.0
icsd-196757,0.0022423416,3.1
icsd-628055,1.3252126,1.536333333333333
icsd-58069,0.0022423416,0.0
icsd-639905,0.0022423416,0.0
icsd-280272,0.0022423416,0.0
icsd-80589,1.3637933,1.83
icsd-108179,0.0022423416,0.0
icsd-196139,2.5757036,1.39
icsd-618707,0.0022423416,0.0
icsd-414128,0.86956984,0.495
icsd-84306,2.977614,2.19
icsd-151191,0.0022423416,0.0
icsd-55341,0.0022423416,0.0
icsd-26469,1.9491662,2.2
icsd-59549,0.0022423416,0.0
icsd-419438,3.1784267,1.9
icsd-41686,0.0022423416,0.0
icsd-57550,0.0022423416,0.0
icsd-196672,0.0022423416,0.0
icsd-659963,1.9512119,0.75
icsd-2322,6.023798,4.81
icsd-261332,5.1458454,5.58
icsd-638759,0.0022423416,0.0
icsd-417616,3.6186845,3.81
icsd-25572,1.9399052,1.925
icsd-84204,0.0022423416,0.0
icsd-159305,0.0022423416,0.0
icsd-183392,3.875392,3.1
icsd-78988,0.0022423416,0.0
icsd-253695,5.1275673,3.67
icsd-107609,0.0022423416,0.0
icsd-419063,0.57573473,0.0
icsd-670966,0.0022423416,0.23
icsd-108073,0.0022423416,0.0
icsd-20320,0.21095906,1.5
icsd-640547,0.0022423416,0.0
icsd-406353,1.9826528,2.35
icsd-634546,3.1420307,3.3466666666666662
icsd-106185,0.0022423416,0.0
icsd-75508,2.0868459,2.19
icsd-421091,2.3806612,2.7
icsd-197122,0.09319875,0.0
icsd-425158,1.3619145,1.66
icsd-154407,0.5311258,0.9517142857142856
icsd-621010,0.0022423416,0.0
icsd-281441,2.5011046,2.485
icsd-72975,2.8223677,1.4166666666666667
icsd-672040,2.261365,5.13
icsd-649729,0.0022423416,0.0
icsd-181889,0.0022423416,0.0
icsd-67451,0.0022423416,0.0
icsd-10055,0.0022423416,0.0
icsd-640195,3.2200177,3.12
icsd-88560,0.0022423863,0.0
icsd-161588,0.0022423416,0.0
icsd-58868,1.3146231,0.0
icsd-422883,4.394577,5.289999999999999
icsd-647796,0.0022423416,0.0
icsd-671557,0.0022423416,0.0
icsd-66356,1.9062717,0.0
icsd-197188,0.0022423416,0.0
icsd-40127,1.7704307,2.07225
icsd-604906,0.0022423416,0.0
icsd-59707,1.2647458,1.78
icsd-238191,1.922784,1.6
icsd-249592,0.0022423416,0.0
icsd-262241,2.1659658,2.78
icsd-636306,0.0022423416,0.0
icsd-41374,1.392864,0.1
icsd-174209,-0.58583534,6.4
icsd-58631,0.0022423416,0.0
icsd-617445,0.0022423416,0.0
icsd-422702,4.0144897,4.22
icsd-604337,0.0022423416,0.0
icsd-106881,0.0022423416,0.0
icsd-236248,2.7964857,3.15
icsd-252141,3.4828036,3.27
icsd-52243,7.5095854,7.6
icsd-84950,1.340733,1.0
icsd-644481,1.2334957,1.1266666666666667
icsd-413739,2.291308,2.33
icsd-57528,0.0022423416,0.0
icsd-653445,0.0022423416,0.0
icsd-422203,3.2532468,3.46
icsd-195341,1.8060335,1.2
icsd-609361,0.0022423863,0.0
icsd-417867,0.0022423416,0.0
icsd-243761,2.9983387,2.64
icsd-424354,4.3534384,3.65
icsd-672087,1.3295093,2.75
icsd-58684,0.0022423416,0.0
icsd-600800,1.0571606,1.12
icsd-649823,0.0022423416,0.0
icsd-607110,0.0022423416,0.0
icsd-58401,0.0022423416,0.0
icsd-75126,1.2379576,1.0
icsd-152637,0.0022423416,0.0
icsd-658576,0.0022423416,0.0
icsd-646021,0.0022423416,0.48
icsd-422701,4.178094,4.62
icsd-650354,0.0022423416,0.0
icsd-191640,0.0022423416,0.0
icsd-76275,0.33204767,0.0
icsd-20239,0.0022423416,0.0
icsd-72303,0.0022423416,0.0
icsd-642229,1.043991,0.0
icsd-412385,1.6120585,0.78
icsd-248937,0.8513213,1.08
icsd-77235,0.0022423416,0.0
icsd-239702,3.5398884,3.29
icsd-291294,4.2653112,3.9
icsd-58585,0.0022423416,0.0
icsd-202952,1.6434622,0.0
icsd-672062,1.9823095,3.4
icsd-99069,0.0022423416,0.0
icsd-640781,0.0022423416,0.0
icsd-103465,0.0022423863,0.0
icsd-430648,2.254045,1.63
icsd-635369,2.1001768,2.0835961538461536
icsd-103829,0.0022423416,0.0
icsd-200018,5.9038267,4.84
icsd-23077,0.0022423416,0.0
icsd-156126,2.4492297,2.655
icsd-44230,0.0022423416,0.0
icsd-169163,0.0022423416,0.95
icsd-641904,0.0022423416,0.8
icsd-23003,2.6294553,2.433333333333333
icsd-150969,0.0022423416,0.0
icsd-104375,0.0022423416,0.0
icsd-240052,0.0022423416,0.0
icsd-181258,0.0022423416,0.0
icsd-650044,1.2494508,1.0
icsd-56238,0.0022423416,0.0
icsd-88063,0.0022423416,0.0
icsd-83488,0.0022423416,0.0
icsd-649314,0.0022423416,0.0
icsd-163360,0.61328137,0.54
icsd-44210,0.0022423416,0.0
icsd-100294,2.7978563,2.66
icsd-85138,1.5003202,0.53
icsd-420854,2.323508,2.16
icsd-602964,2.8051224,4.2
icsd-242277,4.7819843,4.3
icsd-53829,7.654358,8.277999999999999
icsd-605976,0.0022423416,0.0
icsd-429961,2.1067743,2.5
icsd-409420,5.49584,6.89
icsd-59801,0.0022423416,0.0
icsd-671342,3.3563552,5.743333333333332
icsd-27192,2.3827553,2.5
icsd-106038,0.0022423416,1.0
icsd-620436,1.7011181,1.858412
icsd-93758,2.9481707,1.85
icsd-641324,2.0016222,1.6900000000000002
icsd-194633,0.4650083,3.68
icsd-189957,0.0022423416,0.0
icsd-670579,0.0022423416,2.64
icsd-196956,0.0022423416,0.0
icsd-280516,1.7957188,1.45
icsd-261492,3.209736,4.1
icsd-649013,0.33697754,1.8
icsd-30358,0.37779295,1.05
icsd-670620,0.8248105,2.13
icsd-40908,0.0022423416,0.0
icsd-653187,0.15444422,1.8
icsd-55545,0.0022423416,0.0
icsd-290882,0.0022423416,1.03
icsd-426589,2.5521152,2.31
icsd-246145,0.0022423416,0.0
icsd-192846,0.0022423416,0.0
icsd-92070,0.0022423416,0.0
icsd-601361,0.0022423416,0.0
icsd-150940,0.0022423416,0.0
icsd-251664,2.9233608,2.8
icsd-42969,0.00292179,1.07
icsd-57617,0.0022423416,0.0
icsd-180730,6.4176073,7.3
icsd-410945,0.94785273,0.0
icsd-281436,2.2797718,2.46
icsd-80092,1.0327029,1.0
icsd-100051,0.0022423863,0.0
icsd-57233,0.0022423863,0.0
icsd-171626,0.0022423416,0.0
icsd-648016,0.857819,0.9
icsd-26976,0.0022423416,1.59
icsd-53679,0.0022423416,1.67
icsd-152753,2.3861701,2.32
icsd-637267,0.0022423416,0.0
icsd-415803,0.0022423416,0.0
icsd-671965,2.2882211,2.8
icsd-415206,0.0022423416,0.0
icsd-49748,0.0022423416,0.0
icsd-44646,0.62271255,0.7226666666666666
icsd-41839,0.0022423416,0.0
icsd-53843,6.442012,6.132777777777778
icsd-252878,0.029579401,1.0
icsd-43652,0.42801553,0.3
icsd-422007,0.0022423416,0.0
icsd-106282,0.0022423416,0.0
icsd-42956,0.0022423416,0.0
icsd-414009,3.6391094,3.48
icsd-71495,1.4995658,2.0
icsd-93502,0.0022423416,0.0
icsd-408418,0.0022423416,0.0
icsd-409375,0.0022423416,0.0
icsd-150933,0.0022423416,0.0
icsd-262882,1.8216391,2.31
icsd-656763,0.0022423416,0.0
icsd-611404,1.1360992,1.5
icsd-151644,1.7328687,2.0
icsd-236799,0.76193476,2.6
icsd-78088,3.7723587,3.08
icsd-23261,1.0096519,0.0
icsd-196919,0.0022423863,0.3
icsd-633067,0.8976071,0.32
icsd-61518,1.6123246,3.4182
icsd-412294,0.3830686,0.0
icsd-150540,0.0022423416,0.0
icsd-50704,1.1803443,2.64
icsd-194935,0.32832,3.35
icsd-608072,0.0022423416,0.0
icsd-104342,0.0022423416,0.24
icsd-180003,4.079731,3.97
icsd-96346,3.274859,2.98
icsd-194200,6.037569,6.89
icsd-39157,0.0022423416,1.0
icsd-192104,0.0022423416,0.0
icsd-79224,0.059558824,0.0
icsd-643010,0.0022423416,0.0
icsd-187821,2.293214,3.51
icsd-35705,5.2121143,6.38
icsd-170467,1.1586947,0.0
icsd-174232,0.7339362,1.05
icsd-31093,1.8596911,2.38
icsd-613778,0.0022423416,0.0
icsd-29053,0.0022423416,0.0
icsd-56036,0.0022423416,0.0
icsd-641955,0.0022423416,0.19
icsd-57965,0.0022423416,0.0
icsd-670479,1.8077148,1.1967272727272726
icsd-87984,1.7576683,0.0
icsd-94888,4.8602686,5.42
icsd-71145,0.0022423416,0.0
icsd-104884,0.0022423416,0.0
icsd-105614,0.0022423863,0.0
icsd-156006,3.2787695,2.8
icsd-237502,1.6685096,3.51
icsd-620246,1.0832916,1.30625
icsd-170634,0.88938576,0.452
icsd-180887,0.0022423416,0.0
icsd-107572,0.0022423416,0.0
icsd-74090,2.6727772,2.25
icsd-161010,2.593273,2.59
icsd-193782,2.3274992,2.31
icsd-183434,5.3893843,6.53
icsd-248351,0.17418915,0.0
icsd-55454,0.0022423416,0.0
icsd-182790,1.3321079,0.51
icsd-239708,3.4305286,3.17
icsd-57373,0.0022423416,0.0
icsd-280596,0.0022423416,0.0
icsd-413285,0.0022423416,0.0
icsd-96758,2.5686147,2.83
icsd-413979,0.0022423416,0.0
icsd-630338,0.92715263,0.69
icsd-25035,0.0022423416,0.0
icsd-59924,0.0022423416,0.0
icsd-170639,2.6430395,1.7
icsd-416523,2.5567718,2.26
icsd-53437,0.0022423416,1.119
icsd-415876,3.336724,3.3
icsd-652653,1.5939293,0.7
icsd-77887,0.0022423416,0.0
icsd-602321,0.0022423416,0.0
icsd-252683,7.65718,4.895
icsd-641785,0.0022423416,0.0
icsd-107311,0.0022423863,0.0
icsd-44970,0.0022423863,0.16
icsd-103850,0.0022423416,0.0
icsd-635360,1.9880672,2.07
icsd-76738,0.0022423416,0.0
icsd-648299,0.7340979,1.1749999999999998
icsd-44071,0.0022423416,0.74
icsd-416244,0.0022423416,0.0
icsd-50702,2.083106,3.6
icsd-23228,0.007590443,0.0
icsd-49738,0.007590443,0.0
icsd-16790,0.007590443,1.945
icsd-654121,0.06936727,1.2
icsd-262645,2.495965,2.3
icsd-68209,0.007590443,0.0
icsd-79598,0.007590443,0.0
icsd-167074,3.6967611,4.05
icsd-638671,0.007590443,0.0
icsd-650596,0.007590443,0.5
icsd-66067,0.007590443,0.0
icsd-53828,7.9802194,10.4
icsd-635852,0.007590443,0.0
icsd-647710,1.4472296,0.5
icsd-252001,3.47537,3.3
icsd-427111,0.007590443,0.0
icsd-624219,0.6496873,0.0
icsd-196914,1.9792902,3.5
icsd-2831,1.3962744,2.4
icsd-40262,0.6373346,0.0
icsd-420089,1.245034,1.93
icsd-76720,0.007590443,0.0
icsd-36377,0.007590443,0.0
icsd-193781,1.0605761,1.07
icsd-648453,0.60805464,0.3620714285714285
icsd-54547,0.007590443,0.0
icsd-429149,2.3355973,3.76
icsd-43301,1.450349,0.0
icsd-672037,4.3813605,2.52
icsd-77234,0.007590443,0.0
icsd-602476,0.007590443,0.0
icsd-639534,0.007590443,0.0
icsd-647604,1.1962745,0.66
icsd-53211,0.06431224,0.15000000000000002
icsd-412543,0.007590443,0.0
icsd-100002,0.007590443,0.0
icsd-638945,0.007590443,0.0
icsd-107126,0.007590443,0.0
icsd-616501,0.007590443,0.0
icsd-431347,0.3847009,1.1
icsd-417739,0.007590443,0.0
icsd-67790,2.745901,3.7042
icsd-76695,0.007590443,0.11
icsd-426331,2.7710767,3.26
icsd-105427,0.007590443,0.0
icsd-2451,0.007590443,0.0
icsd-54853,0.54350185,0.0
icsd-631139,0.007590443,0.0
icsd-602236,0.87539643,1.1828571428571428
icsd-75460,2.3991668,3.44
icsd-89511,2.48542,5.71
icsd-79105,0.007590443,0.0
icsd-647762,0.038172133,0.05
icsd-170857,0.7568367,0.48
icsd-84096,0.007590443,0.0
icsd-281440,2.2752936,2.54
icsd-103286,0.007590443,0.0
icsd-418014,0.009823665,0.0
icsd-615332,0.007590443,0.0
icsd-77040,0.007590443,0.0
icsd-427613,1.3279576,0.9
icsd-72821,2.3874214,2.98
icsd-281665,0.007590443,0.0
icsd-672201,0.007590443,4.4
icsd-631320,0.23729122,1.85
icsd-22252,2.3989525,0.5
icsd-89562,0.007590495,0.0
icsd-107421,0.007590443,0.0
icsd-418627,1.8180115,2.27
icsd-40474,5.3731523,3.0
icsd-609533,0.007590443,0.0
icsd-636332,0.007590443,0.0
icsd-260652,0.007590443,0.0
icsd-300270,0.007590443,0.0
icsd-31421,0.007590443,0.0
icsd-631353,1.2753177,1.22
icsd-91469,2.7214055,2.68
icsd-90369,3.0737555,2.48
icsd-52238,9.267577,10.5
icsd-75572,2.0512357,2.6
icsd-391344,2.1011422,2.0
icsd-252035,0.7045275,0.0
icsd-647759,0.007590443,0.4
icsd-260029,0.97190547,1.6
icsd-73214,0.007590443,0.0
icsd-58704,0.007590443,0.0
icsd-422056,4.0677233,4.27
icsd-647397,4.4712977,6.1
icsd-67220,2.4148307,2.815
icsd-638564,0.007590443,0.0
icsd-87576,0.5852461,0.9488888888888891
icsd-245305,0.6871206,0.0
icsd-56175,2.1256175,0.0
icsd-412707,0.007590443,0.0
icsd-641194,0.007590443,0.0
icsd-631248,0.007590443,0.0
icsd-428445,2.4494061,2.34
icsd-36537,1.1899904,0.82
icsd-638513,0.007590443,0.0
icsd-650266,0.007590443,0.0
icsd-626175,0.007590443,0.0
icsd-61031,0.7773364,0.0
icsd-184922,2.7024379,3.5
icsd-186060,0.007590443,0.0
icsd-102877,0.007590443,0.0
icsd-57390,0.007590443,0.0
icsd-642475,4.1155334,5.5
icsd-77282,0.007590443,0.0
icsd-43913,0.007590443,0.0
icsd-51756,0.007590443,0.0
icsd-26200,0.007590443,0.0
icsd-370041,0.007590443,0.0
icsd-249965,1.2802945,0.85
icsd-245765,0.007590443,0.0
icsd-159366,0.007590443,0.0
icsd-27423,1.9682986,3.25
icsd-602458,0.007590443,0.0
icsd-184571,1.2438837,2.6
icsd-251546,2.6404967,4.0
icsd-16640,6.47905,3.76
icsd-631273,1.0289431,1.7
icsd-430557,0.007590443,2.2
icsd-68465,4.4194684,3.8433333333333337
icsd-71643,0.007590443,0.0
icsd-171610,0.11890982,0.43
icsd-58392,0.007590443,0.0
icsd-416706,2.5905733,0.0
icsd-290374,1.9276798,0.18
icsd-180004,4.0621295,3.87
icsd-417267,2.511439,2.75
icsd-59112,1.0321398,1.46
icsd-24584,0.43801138,0.0
icsd-247277,0.6416149,2.47
icsd-159465,0.8400461,1.21
icsd-261333,4.793991,5.54
icsd-39286,0.007590443,0.0
icsd-95244,7.1550117,0.0
icsd-608241,0.007590443,0.0
icsd-670164,0.007590443,0.0
icsd-95784,2.8529809,3.07
icsd-78956,0.07848689,0.0
icsd-37330,0.007590443,0.0
icsd-52289,0.007590443,0.0
icsd-170190,1.6962665,2.12
icsd-14376,3.6970875,6.4433333333333325
icsd-69557,0.007590443,0.0
icsd-40427,0.007590443,0.0
icsd-103979,0.007590443,0.0
icsd-639687,0.6329527,0.0
icsd-82857,2.0946875,3.06
icsd-670476,0.007590443,0.0
icsd-195177,2.0276296,2.04
icsd-416813,0.007590443,0.0
icsd-84304,2.149147,2.64
icsd-611257,1.0212766,0.0
icsd-658142,0.007590443,0.0
icsd-409531,0.007590443,0.0
icsd-261386,2.0653427,2.44
icsd-197593,0.007590443,0.0
icsd-62228,0.007590443,0.0
icsd-44260,2.1045601,2.151666666666667
icsd-262893,2.2399137,2.29
icsd-72350,0.007590443,0.0
icsd-159466,0.31062713,1.35
icsd-52803,0.062111538,0.99
icsd-44332,1.1063238,1.05
icsd-188149,1.7232299,3.1
icsd-10044,0.007590443,0.0
icsd-239632,1.7914732,1.71
icsd-248165,2.851761,2.2
icsd-195613,2.493986,1.375
icsd-36158,2.7443435,3.59
icsd-431320,2.819945,2.62
icsd-603743,1.0275184,2.2
icsd-251121,2.238035,3.4
icsd-417510,0.007590443,0.95
icsd-106696,0.007590443,0.0
icsd-165249,0.007590443,0.0
icsd-415878,3.3666897,3.28
icsd-189658,4.840493,3.85
icsd-164744,1.3130527,3.41
icsd-38354,0.007590443,0.0
icsd-657101,0.007590443,0.0
icsd-86371,0.007590443,0.0
icsd-25574,1.7986094,1.9
icsd-83382,0.007590443,0.0
icsd-249634,0.007590443,0.0
icsd-87994,0.007590443,0.0
icsd-408579,0.007590443,0.0
icsd-242275,3.9805546,4.9
icsd-670505,0.9022146,2.5
icsd-97091,0.007590443,0.0
icsd-429440,2.3238254,2.56
icsd-422802,3.616466,4.3
icsd-202836,1.1180326,0.23
icsd-99197,0.007590443,0.0
icsd-157330,0.007590443,0.0
icsd-248942,1.2918239,1.35
icsd-36189,0.7235601,2.37
icsd-187116,0.007590443,0.0
icsd-42962,0.007590443,0.0
icsd-601468,0.007590443,0.0
icsd-248933,1.4853215,1.04
icsd-430476,1.6978272,2.15
icsd-159315,9.836039,11.1
icsd-182745,1.5592672,2.05
icsd-58945,0.007590443,0.0
icsd-670011,3.7095144,4.75
icsd-237307,1.427669,0.45
icsd-57669,0.007590443,0.0
icsd-612046,0.007590443,0.0
icsd-106857,0.30046812,0.0
icsd-53831,5.9630156,6.1850000000000005
icsd-253640,2.1271234,2.37
icsd-419437,1.6503283,2.6
icsd-600126,0.009279102,0.0
icsd-158181,0.31760448,0.2723076923076924
icsd-153608,0.007590443,0.0
icsd-652522,0.007590443,0.0
icsd-249515,0.35414413,0.0
icsd-71960,0.007590443,0.0
icsd-150266,0.007590443,0.0
icsd-251710,2.3636322,3.02
icsd-605531,0.007590443,0.0
icsd-281505,2.504677,2.45
icsd-410839,0.007590443,0.0
icsd-53237,1.2115514,1.1
icsd-66944,4.9651675,6.32
icsd-623847,0.007590443,0.0
icsd-290884,0.8728366,1.0
icsd-36196,1.0356733,2.6
icsd-58358,0.007590443,0.0
icsd-25575,1.7644955,1.5933333333333335
icsd-641740,0.007590443,0.0
icsd-93639,0.007590443,0.0
icsd-624213,0.007590443,0.0
icsd-239096,3.0778425,3.725
icsd-41731,0.048763834,0.2
icsd-410895,0.32157055,0.516
icsd-104352,0.007590443,0.0
icsd-76068,0.007590443,0.0
icsd-624603,0.007590443,0.0
icsd-408030,0.007590443,0.0
icsd-639381,0.007590443,0.0
icsd-150631,0.007590443,0.0
icsd-85936,0.007590443,0.0
icsd-640238,0.007590443,0.0
icsd-610099,0.007590443,0.0
icsd-651894,1.0825087,0.46
icsd-602244,1.5628531,1.62
icsd-609063,0.007590443,0.0
icsd-104538,0.007590443,0.0
icsd-154591,2.2913249,2.31
icsd-638068,0.007590443,0.0
icsd-411177,2.914072,3.45
icsd-648603,0.274404,0.2788333333333333
icsd-71832,0.007590443,0.6
icsd-191938,0.007590443,0.0
icsd-670507,1.8222009,0.0
icsd-618223,0.007590443,0.0
icsd-416490,0.007590443,0.0
icsd-164058,0.007590443,0.0
icsd-89611,0.007590443,0.0
icsd-600863,2.8055866,2.3175
icsd-484,1.5043529,1.5
icsd-191675,0.007590443,0.0
icsd-59457,0.007590443,0.0
icsd-245943,2.6203752,3.9
icsd-167733,0.007590443,0.0
icsd-248166,2.8308895,3.15
icsd-197557,0.007590443,0.0
icsd-150142,0.007590443,0.0
icsd-174364,0.007590443,0.0
icsd-55237,0.007590443,0.79
icsd-171224,1.0840054,0.8
icsd-419061,2.4318993,1.6
icsd-637070,0.007590443,0.0
icsd-86193,0.007590443,0.0
icsd-415337,0.007590443,0.0
icsd-56020,0.007590443,2.0
icsd-281434,2.5870576,2.4
icsd-645233,0.007590443,0.0
icsd-95118,0.75826573,0.96
icsd-88117,0.007590443,0.0
icsd-63649,1.1278328,0.74
icsd-250677,3.0734835,3.5
icsd-42162,3.8777053,0.0
icsd-16060,0.007590443,0.0
icsd-105244,0.007590443,0.0
icsd-644962,2.6399605,2.4
icsd-619564,0.9120563,0.0
icsd-281445,2.1319883,2.374
icsd-635207,0.009681247,0.0
icsd-420558,2.0887172,2.9
icsd-84302,1.8543139,1.85
icsd-602107,0.007590443,0.0
icsd-628345,0.007590443,0.0
icsd-647953,0.007590443,0.0
icsd-627831,0.7465126,1.63
icsd-237834,1.8942236,2.3
icsd-670499,1.3219479,0.0
icsd-57727,0.007590443,0.0
icsd-202522,0.007855721,0.0
icsd-612432,0.007590443,0.0
icsd-96345,1.9221526,3.03
icsd-31780,3.755153,0.0
icsd-426173,0.31371102,2.62
icsd-197263,0.007590443,0.0
icsd-78395,0.007590443,0.0
icsd-25650,1.1239144,1.8733333333333333
icsd-427795,2.303418,3.0
icsd-23155,0.1476259,0.0
icsd-23805,3.044544,0.0
icsd-623126,0.007590443,0.0
icsd-2090,1.7176636,2.4
icsd-420033,2.3979166,3.02
icsd-2344,0.5933411,0.57
icsd-237012,0.007590443,0.0
icsd-42640,0.007590443,0.0
icsd-431124,3.555402,3.27
icsd-86499,0.007590443,0.0
icsd-76141,0.007590443,0.0
icsd-609974,0.007590443,0.0
icsd-418634,2.1164176,2.3
icsd-58576,0.007590443,0.0
icsd-631672,1.5702931,1.3
icsd-633934,0.007590443,0.0
icsd-160386,0.4836753,0.975
icsd-36501,4.7225857,3.5
icsd-77741,6.2728715,5.6
icsd-8010,1.1692024,0.0
icsd-670067,0.84904456,0.0
icsd-41773,0.007590443,0.0
icsd-194783,4.5762854,4.77
icsd-30363,2.383964,3.0264
icsd-160793,3.3684666,2.45
icsd-73221,3.9820163,4.1
icsd-52489,0.18541752,0.33
icsd-50938,2.6465814,2.205
icsd-420217,-0.090170674,0.0
icsd-44480,0.007590443,0.0
icsd-261971,3.318586,4.29
icsd-189169,1.7499804,1.52
icsd-23551,0.007590443,0.0
icsd-1621,1.6577598,1.6900909090909089
icsd-422201,3.5267644,3.49
icsd-672526,2.6229007,2.7751312500000003
icsd-262725,2.1285715,2.54
icsd-92474,2.5305843,0.62
icsd-58777,0.007683769,0.0
icsd-25558,1.1468893,2.8
icsd-102061,0.007590443,1.714
icsd-261334,5.0373554,5.42
icsd-187562,1.7707161,2.3
icsd-409568,0.1356673,0.2
icsd-609,0.007590443,0.0
icsd-194717,3.0947614,3.41
icsd-107590,0.007590443,0.0
icsd-647716,0.15848635,1.4
icsd-428443,2.2763722,2.3
icsd-108343,0.007590443,0.0
icsd-106127,0.75744116,0.0
icsd-242165,3.1013722,3.81
icsd-18101,1.9115454,2.2
icsd-671880,2.979057,2.8
icsd-247735,4.1291823,4.066666666666666
icsd-41571,0.68978375,0.0
icsd-71472,1.8810132,0.0
icsd-152801,0.007590443,0.0
icsd-171472,0.007590443,0.0
icsd-636992,0.007590443,0.0
icsd-182741,1.8293123,2.3
icsd-651219,0.52962583,0.9
icsd-10386,5.2197843,4.9
icsd-201899,2.3749912,2.0
icsd-35086,0.007590443,0.0
icsd-31292,1.4108849,1.72
icsd-76137,0.007590443,0.0
icsd-612020,0.007590443,0.0
icsd-607892,0.007590443,0.0
icsd-636398,0.16234542,0.0
icsd-430758,2.8297431,2.93
icsd-106133,0.007590443,0.0
icsd-184254,0.007590443,0.0
icsd-609708,0.007590443,0.0
icsd-603165,5.7134223,5.593333333333334
icsd-640052,0.007590443,0.0
icsd-50460,1.5453167,1.77
icsd-170864,2.4983757,2.95
icsd-607098,2.0606537,2.6
icsd-646547,0.1959323,0.0
icsd-90278,0.007590443,0.0
icsd-180432,0.3775498,0.305
icsd-28746,0.8211144,1.85
icsd-106138,0.007590443,0.0
icsd-44544,0.007590443,0.0
icsd-86502,0.007590443,0.0
icsd-28743,0.65298134,1.07
icsd-53073,0.007590443,0.0
icsd-413655,2.3384511,3.65
icsd-409972,0.007590443,0.0
icsd-616549,0.007590443,0.0
icsd-52735,0.5612869,1.2733333333333334
icsd-422579,0.78125864,0.95
icsd-62123,2.066426,3.5
icsd-57107,0.007590443,0.0
icsd-154742,0.29134628,0.14
icsd-55636,0.007590443,0.0
icsd-620272,0.007590443,0.0
icsd-631653,0.38795713,0.95
icsd-86639,3.5505805,0.0
icsd-88270,0.007590443,0.0
icsd-36170,3.478534,3.3100000000000005
icsd-100585,0.007590443,0.0
icsd-16680,1.4995366,1.161111111111111
icsd-44187,0.007590443,0.0
icsd-38316,0.41825545,0.35
icsd-650594,0.007590443,0.9
icsd-152376,1.7381357,2.07
icsd-601430,0.007590443,0.0
icsd-58068,0.007590443,0.0
icsd-30354,0.007590443,0.0
icsd-610598,0.38357612,1.37
icsd-70070,0.636917,0.0
icsd-652804,0.007590443,0.0
icsd-105331,0.007590443,0.235
icsd-425157,1.1013498,2.21
icsd-86291,0.007590443,0.0
icsd-656315,2.2689753,0.0
icsd-191322,3.773707,5.22
icsd-651606,0.007590443,0.0
icsd-422882,3.5111785,5.51
icsd-632096,0.007590443,0.0
icsd-170575,0.007590443,0.0
icsd-190545,0.007590443,0.0
icsd-608238,0.007590443,0.0
icsd-109315,0.007590443,0.0
icsd-419475,0.007590443,0.0
icsd-430200,2.1457756,2.2
icsd-417667,0.007590443,0.0
icsd-413857,0.007590443,0.0
icsd-614497,0.007590443,0.0
icsd-420088,2.1854413,3.0
icsd-185638,0.007590443,0.0
icsd-257078,0.9312002,0.0
icsd-243575,3.2514021,3.7
icsd-248935,1.3097535,1.13
icsd-9757,2.4211888,2.12
icsd-419595,2.7867975,2.87
icsd-154358,0.007590443,0.0
icsd-656218,1.8750461,0.0
icsd-262994,2.5591881,3.57
icsd-631271,2.3260531,2.16
icsd-105509,0.007590443,0.0
icsd-413737,1.3353567,0.6
icsd-57823,0.007590443,0.0
icsd-163472,0.18371786,0.0
icsd-81814,1.0589259,1.143333333333333
icsd-650408,0.007590443,0.0
icsd-650286,0.3170434,0.6
icsd-108767,0.007590443,0.0
icsd-603984,0.007590443,0.0
icsd-425159,1.315302,1.43
icsd-420988,3.595597,0.0
icsd-417836,0.007590443,0.0
icsd-670509,0.41090724,1.57
icsd-239973,3.8301394,3.83
icsd-54594,0.007590443,0.0
icsd-108128,0.007590443,0.0
icsd-106111,0.007590443,0.0
icsd-656869,0.007590443,0.0
icsd-16696,0.007590443,0.0
icsd-642809,0.4590464,0.81
icsd-250678,3.3165472,4.0
icsd-237057,6.7708616,5.63
icsd-43187,0.007590443,0.0
icsd-56268,0.007590443,0.0
icsd-261660,0.007590443,0.0
icsd-637329,3.0363636,2.62
icsd-409777,0.007590443,0.0
icsd-196800,0.007590443,0.0
icsd-42650,0.007590443,0.0
icsd-670362,1.2364461,1.47
icsd-652658,1.4408423,0.51
icsd-152640,0.007590443,0.0
icsd-646723,0.007590443,0.0
icsd-424093,0.60805464,1.98
icsd-107259,0.007590443,0.0
icsd-190410,1.571104,1.6518000000000002
icsd-20191,2.3250055,4.28
icsd-150623,2.272488,3.3
icsd-156266,0.007590443,0.0
icsd-249529,0.007590443,0.0
icsd-93218,0.007590443,0.0
icsd-193538,2.656682,2.4
icsd-416690,2.7592006,0.0
icsd-635312,0.52256465,0.7782533333333334
icsd-191485,0.007590443,0.0
icsd-27230,-0.02491904,0.0
icsd-418258,1.4621526,0.64
icsd-671990,0.007590443,0.0
icsd-621535,0.007590443,0.0
icsd-645887,1.1342896,1.83
icsd-159467,1.2415388,1.8
icsd-250011,0.115494676,0.0
icsd-648115,0.007590443,0.0
icsd-1579,2.5293324,0.0
icsd-16031,2.0493128,1.4
icsd-262643,3.3456464,3.45
icsd-411882,0.007590443,0.0
icsd-605394,0.007590443,0.0
icsd-40795,0.007590443,0.0
icsd-191958,4.0735407,4.84
icsd-630047,4.754258,5.0
icsd-24142,0.32696235,0.0
icsd-94456,2.8230436,0.0
icsd-622301,0.007590443,0.0
icsd-20087,0.007590443,1.4
icsd-425704,2.5573916,4.59
icsd-430091,1.4646981,1.6
icsd-648267,0.007590443,0.0
icsd-82285,0.49453703,0.0
icsd-427336,2.7576623,3.66
icsd-29006,2.4143014,0.0
icsd-73799,0.007892489,0.0
icsd-605328,0.007590443,0.0
icsd-100435,0.007590443,0.0
icsd-647751,0.9110982,1.2
icsd-103087,0.007590443,0.0
icsd-170159,4.057394,0.0
icsd-88040,0.98166573,0.0
icsd-23522,1.9641622,2.8
icsd-106143,0.007590443,0.0
icsd-160053,0.007590443,0.0
icsd-163696,0.007590443,0.0
icsd-106352,0.007590443,0.0
icsd-2081,5.6913857,7.42
icsd-251789,0.007590443,0.26
icsd-43655,3.4907527,3.626666666666667
icsd-636396,1.7523963,2.2
icsd-411633,1.6649417,1.85
icsd-184541,5.2570124,4.53
icsd-170866,2.1833072,2.49
icsd-167808,0.007590443,0.0
icsd-241836,3.9089327,3.54
icsd-249534,2.9883232,2.49
icsd-44773,0.9670964,1.54
icsd-248941,1.284669,1.36
icsd-58387,0.007590443,0.0
icsd-411602,2.4004905,1.8
icsd-420557,2.005052,1.8
icsd-169577,0.007590443,0.64
icsd-631489,0.007590443,0.0
icsd-150749,0.007590443,0.0
icsd-428444,2.3903303,2.33
icsd-343,2.3692353,0.0
icsd-239378,3.5597208,4.1
icsd-670960,0.007590443,0.0
icsd-58882,0.007590443,0.0
icsd-77772,1.4264457,0.15
icsd-414172,0.41953832,0.0
icsd-429804,0.89748234,1.96
icsd-54292,0.007590443,0.0
icsd-432172,3.7564151,2.96
icsd-9986,0.007590443,0.0
icsd-645730,0.007590443,0.0
icsd-652723,0.682128,0.0
icsd-168287,0.007590443,0.0
icsd-651265,2.27077,1.81
icsd-30361,0.9791141,0.0
icsd-197604,0.007590443,0.0
icsd-431322,2.4421043,2.48
icsd-195762,1.3070972,1.75
icsd-109126,0.007590443,0.0
icsd-1242,0.007590443,0.0
icsd-262890,2.4441454,2.22
icsd-635497,0.007590443,0.0
icsd-105275,0.007590443,0.0
icsd-627714,1.9526259,2.0
icsd-619750,0.8315843,1.2
icsd-609707,0.007590443,0.0
icsd-411448,0.007590443,0.0
icsd-425496,3.210759,4.24
icsd-168288,0.007590443,0.0
icsd-107506,0.007590443,0.0
icsd-651399,2.6726892,2.9
icsd-57098,0.007590443,0.0
icsd-58450,0.007590443,0.0
icsd-248934,1.4253852,1.12
icsd-98736,0.007590443,0.0
icsd-239633,1.9886202,2.36
icsd-170128,0.0076892674,0.0
icsd-42573,0.31516176,1.0
icsd-43280,0.007590443,0.74
icsd-189136,0.007590443,0.0
icsd-633599,0.007590443,0.0
icsd-161572,0.007590443,0.0
icsd-424094,1.0600885,1.93
icsd-51949,0.007590443,0.0
icsd-33651,2.913946,4.5
icsd-159464,1.3020109,1.4
icsd-253582,2.3839502,2.75
icsd-635353,0.007590443,0.0
icsd-154257,0.007590443,0.0
icsd-655132,0.007590443,0.0
icsd-105948,0.007590443,0.0
icsd-103999,0.007590443,0.0
icsd-631522,0.007590443,0.0
icsd-103810,0.007590443,0.0
icsd-57507,0.007590443,0.0
icsd-202067,0.007609397,0.0
icsd-49520,2.1596124,2.14
icsd-84201,0.007590443,0.0
icsd-253609,1.6033833,0.0
icsd-181134,0.17748404,0.5555
icsd-620275,0.007590443,0.0
icsd-671519,7.532102,7.725
icsd-4121,1.8523734,1.78
icsd-605072,0.007590443,0.0
icsd-649071,0.007590443,0.0
icsd-187018,2.4666364,4.17
icsd-158275,0.007590443,1.9
icsd-249516,0.17661068,0.0
icsd-425555,2.5661764,2.36
icsd-649409,0.007590443,1.1540000000000001
icsd-159432,0.007590443,0.0
icsd-237795,1.7694752,2.0
icsd-191227,3.0223746,4.2
icsd-104303,0.007590443,0.0
icsd-58403,0.007590443,0.0
icsd-417047,0.007590443,0.0
icsd-636668,0.007590443,0.0
icsd-94413,2.3286288,1.89
icsd-170333,1.5961107,2.16
icsd-154701,0.007590443,0.0
icsd-43861,2.5298066,0.0
icsd-170865,2.3111339,2.17
icsd-193126,0.007590443,0.0
icsd-237618,2.1040576,3.26
icsd-184992,0.007590443,0.0
icsd-24699,0.007590443,0.0
icsd-652052,1.413302,1.55
icsd-429815,1.3462198,1.65
icsd-71149,0.007590443,0.0
icsd-280844,2.0790553,2.595
icsd-262891,1.8909065,2.24
icsd-53093,3.0776887,3.5733333333333333
icsd-26078,0.6518824,0.0
icsd-420855,2.5831318,2.24
icsd-58769,1.3925154,0.625
icsd-649541,0.65985346,0.6066666666666668
icsd-610599,0.9772484,1.0533333333333337
icsd-26150,1.7278397,2.05
icsd-671293,0.38965392,2.1
icsd-618008,0.007590443,0.0
icsd-200799,1.6032962,1.76
icsd-409679,0.007590443,0.0
icsd-153018,0.007590443,0.0
icsd-23245,0.06269175,0.2695
icsd-16654,3.8438137,0.0
icsd-25316,0.007590443,0.0
icsd-672414,0.16216847,0.0
icsd-195133,2.184033,2.12
icsd-2707,3.2459948,4.119999999999999
icsd-671445,0.007590443,0.0
icsd-670079,0.35838753,0.0
icsd-620549,0.73125684,0.0
icsd-14373,2.321846,3.125
icsd-431819,2.826627,3.1
icsd-422886,4.1903806,4.61
icsd-610584,0.007590443,0.63
icsd-604758,0.2602562,1.0
icsd-98969,0.007590443,0.0
icsd-201102,2.2037127,3.4
icsd-59425,0.007590443,0.0
icsd-418474,1.4570104,1.51
icsd-634333,0.007590443,0.0
icsd-623791,0.007590443,0.0
icsd-639232,0.25191674,0.17166666666666666
icsd-604706,1.8380367,2.55
icsd-14099,1.0013797,1.47
icsd-248939,1.4163839,1.37
icsd-58177,0.007590443,0.0
icsd-670125,0.24932879,0.0
icsd-635523,0.5327812,1.8
icsd-31355,0.70406705,1.265
icsd-159198,0.007590443,0.0
icsd-647470,2.374068,3.597
icsd-631224,0.007590443,0.0
icsd-261420,6.589735,6.53
icsd-58480,0.007590443,0.0
icsd-424620,2.0796397,2.35
icsd-416794,0.007590443,0.0
icsd-95099,0.007590443,0.0
icsd-619987,0.007590443,0.0
icsd-610824,2.0118203,2.45
icsd-104607,0.007590443,0.0
icsd-62893,0.007590443,0.0
icsd-251682,0.53016335,0.745
icsd-617246,0.5368,0.0
icsd-156128,0.26099095,1.1
icsd-33673,3.6823685,4.2200000000000015
icsd-39487,0.007590443,0.0
icsd-415946,0.007590443,0.0
icsd-420204,0.18694592,1.5
icsd-642460,0.007590443,0.0
icsd-108819,2.523874,0.0
icsd-66730,4.346686,5.6
icsd-94041,0.007591307,0.0
icsd-98972,0.007590443,0.0
icsd-423188,2.0872374,2.6
icsd-52760,0.007590443,0.0
icsd-629012,0.007590443,0.0
icsd-280645,2.2068584,2.44
icsd-25758,0.007590443,0.0
icsd-411890,1.0842428,1.07
icsd-5443,0.7076796,1.2
icsd-58780,0.007590443,0.0
icsd-50501,0.60805464,0.9
icsd-248117,1.9662923,1.595
icsd-90842,2.468856,2.3
icsd-391469,0.007590443,0.0
icsd-35731,0.007590443,0.0
icsd-670971,0.007590443,0.0
icsd-74022,2.0626297,2.75
icsd-53243,1.0922263,1.6
icsd-262644,2.6726513,2.54
icsd-660008,0.95520437,1.47
icsd-196907,1.1584272,4.1
icsd-427599,1.545037,2.33
icsd-187993,0.007590443,0.0
icsd-162960,3.7301776,3.54
icsd-253627,0.007590443,0.25
icsd-410958,2.2443576,0.0
icsd-625640,0.007590443,0.0
icsd-28735,1.099231,2.06
icsd-90606,0.7535369,0.0
icsd-654433,0.007590443,0.0
icsd-12159,0.120442376,0.0
icsd-632217,0.4117873,0.0
icsd-605053,0.007590443,0.0
icsd-58976,0.24487925,0.0
icsd-670171,0.007590443,0.0
icsd-631266,2.5151417,2.25
icsd-291941,0.978266,2.0069999999999997
icsd-102066,0.007590443,0.0
icsd-604522,2.481475,2.5347185185185186
icsd-53249,0.007590443,0.0
icsd-104862,0.007590443,0.0
icsd-281233,2.931281,2.52
icsd-52083,0.007590443,0.0
icsd-58467,0.007590443,0.0
icsd-26422,1.6087518,0.0
icsd-33900,0.007590443,0.0
icsd-58153,0.007590443,0.0
icsd-59706,2.0999959,1.72
icsd-162568,0.007590443,0.0
icsd-997,0.26123357,0.23666666666666664
icsd-291570,1.3287383,0.72
icsd-635039,2.3478515,2.76
icsd-261699,3.390406,4.2
icsd-432462,4.1218038,3.6
icsd-619506,0.007590443,0.0
icsd-422621,0.007590443,0.0
icsd-150562,0.007590443,0.0
icsd-603895,1.469521,1.524
icsd-197030,0.007590443,0.0
icsd-10000,0.007590443,0.9
icsd-24915,3.4598296,2.6
icsd-81976,4.0459785,3.953333333333333
icsd-59450,0.007590443,0.0
icsd-76937,0.085260645,1.0833333333333333
icsd-84919,0.23977432,0.0
icsd-238105,3.9061475,4.07
icsd-87172,0.007590443,0.0
icsd-185248,4.966033,5.42
icsd-98970,0.007590443,0.0
icsd-631352,1.7347003,1.31
icsd-180400,3.14867,3.0
icsd-240016,0.007590443,0.0
icsd-434,0.007590443,0.0
icsd-646029,0.86293244,0.0
icsd-201816,3.600615,4.1850000000000005
icsd-194090,0.6930148,1.3
icsd-639867,1.4703479,0.0
icsd-196943,0.007590443,0.0
icsd-16304,0.007590443,1.4
icsd-166350,0.007590443,0.09700000000000003
icsd-672058,0.025401212,0.0
icsd-90370,1.7150618,2.3
icsd-78826,0.007592723,0.0
icsd-58407,0.007590443,0.0
icsd-187561,0.73737854,2.2
icsd-412400,0.007590443,0.0
icsd-430241,4.776807,4.68
icsd-432330,3.3683248,3.97
icsd-76057,0.007590443,0.0
icsd-29508,1.273915,0.0
icsd-16369,1.8982849,0.0
icsd-25734,0.22773087,0.0
icsd-41838,0.007590443,0.0
icsd-84617,7.0408144,7.843333333333334
icsd-30280,1.6609143,1.39
icsd-16416,0.007590443,0.28
icsd-53678,0.007590443,1.1
icsd-410867,0.007590443,0.0
icsd-95023,0.007590443,0.0
icsd-44288,7.707741,10.0
icsd-623565,0.007590443,0.0
icsd-416973,0.67992455,1.45
icsd-413854,0.007590443,0.0
icsd-630320,0.007590443,0.0
icsd-391285,1.7625744,1.6
icsd-670627,0.007590443,0.0
icsd-103790,0.007590443,0.0
icsd-84114,5.7970033,6.805
icsd-414476,0.007590443,0.0
icsd-34629,2.6543448,3.26
icsd-636364,2.5761333,1.88
icsd-105171,0.007590443,0.0
icsd-38369,0.36950052,0.0
icsd-89397,0.6613169,0.0
icsd-56081,-0.5431259,2.0
icsd-634978,0.007590443,0.0
icsd-9329,3.2825108,3.8575
icsd-29328,0.007590443,0.0
icsd-49024,2.3489232,0.0
icsd-2404,2.2052195,4.53
icsd-42916,0.0998322,0.0
icsd-53429,0.007590443,1.5
icsd-106786,0.007590443,0.0
icsd-629789,0.007590443,0.0
icsd-280840,2.0107505,2.53
icsd-150550,0.007590443,0.0
icsd-183445,0.43523675,3.39
icsd-169218,1.542135,1.25
icsd-67089,0.007590443,0.0
icsd-191094,0.85959375,1.29
icsd-25605,0.9613305,0.9995000000000002
icsd-155840,0.007590443,0.0
icsd-183444,2.4425058,3.63
icsd-105626,0.007590443,0.0
icsd-41760,0.007590443,0.0
icsd-634537,0.007590443,0.0
icsd-242179,2.6554968,2.56
icsd-640172,0.007590443,0.0
icsd-108769,0.007590443,0.0
icsd-247174,0.007590443,0.0
icsd-76202,0.007590443,0.0
icsd-249937,0.93270165,1.4
icsd-151466,0.007590443,0.0
icsd-672290,0.007590443,1.67375
icsd-107284,0.007590443,0.0
icsd-248936,1.1523921,1.15
icsd-81853,0.007590443,0.0
icsd-193777,1.8527575,2.12
icsd-107347,0.007590443,0.0
icsd-173677,0.38753787,0.0
icsd-620612,0.007590443,0.0
icsd-642482,0.007590443,0.0
icsd-262242,2.6394582,2.3
icsd-40453,2.4704027,2.38
icsd-1947,2.833688,3.56875
icsd-630942,0.007590443,0.0
icsd-43210,0.40455383,0.0
icsd-77473,0.007590443,0.0
icsd-646675,0.007590443,0.0
icsd-252526,3.0793383,3.145
icsd-48205,0.045425825,0.0
icsd-650834,0.007590443,2.0
icsd-35386,0.67829704,1.1
icsd-616005,4.254343,4.8
icsd-190994,0.007590443,0.0
icsd-8155,0.007590443,0.0
icsd-16481,2.1002307,3.0
icsd-428643,1.3735355,2.3
icsd-29291,1.8852298,2.3
icsd-58898,0.007590443,0.0
icsd-601099,0.007590443,0.0
icsd-23352,0.034461968,0.0
icsd-14031,1.111652,0.7050000000000001
icsd-670428,2.4692082,2.796818181818182
icsd-58896,0.007590443,0.0
icsd-16187,0.007590443,0.0
icsd-51757,0.007590443,0.0
icsd-59632,4.147825,5.576666666666667
icsd-252183,5.2958283,6.31
icsd-656875,0.007590443,0.0
icsd-195682,1.8944073,2.8
icsd-629165,0.007590443,0.0
icsd-670108,2.1742773,0.0
icsd-601795,0.007590443,0.0
icsd-163625,4.5649996,5.7349999999999985
icsd-671524,5.1554527,6.074
icsd-670444,2.1771305,1.455
icsd-104337,0.007590443,0.0
icsd-58137,0.007590443,0.0
icsd-76649,1.636327,1.6666666666666667
icsd-236547,1.7534002,2.7
icsd-173418,1.9218831,2.08
icsd-418476,0.011204556,0.85
icsd-57512,0.007590443,0.0
icsd-9135,1.149813,0.63875
icsd-631295,0.007590443,0.0
icsd-103275,0.007590443,0.0
icsd-422202,3.9346619,3.88
icsd-163909,0.007590443,0.0
icsd-172149,0.007590443,0.0
icsd-41156,0.007590443,0.0
icsd-54787,0.007590443,0.0
icsd-411172,0.007590443,0.0
icsd-56515,0.8834555,0.0
icsd-251547,3.500203,3.9
icsd-86440,4.350937,5.75
icsd-672252,0.007590443,0.0
icsd-190796,0.007590443,0.0
icsd-431062,2.040693,2.25
icsd-649557,0.007590443,0.0
icsd-239886,1.7868915,3.76
icsd-160543,0.007590443,0.0
icsd-197471,1.2981305,1.6
icsd-410398,0.007590443,0.0
icsd-615515,0.007590443,0.0
icsd-76058,0.007590443,0.0
icsd-651442,2.8244507,1.135
icsd-94269,0.38971522,0.0
icsd-430618,3.4818633,5.5
icsd-61550,5.340195,7.003400000000001
icsd-409534,0.007590443,0.0
icsd-670767,0.007590443,0.0
icsd-640633,0.28194243,0.6666666666666666
icsd-38073,0.007590443,0.0
icsd-647714,1.7915292,1.4
icsd-650113,0.007590443,0.14833333333333334
icsd-185117,0.007590443,0.0
icsd-427334,1.698874,2.52
icsd-420736,2.8968546,1.89
icsd-58389,0.007590443,0.0
icsd-651076,1.5657212,0.0
icsd-638229,0.007590443,0.0
icsd-411054,0.007590443,0.0
icsd-29056,0.007590443,0.0
icsd-671520,5.5844393,5.840000000000002
icsd-424286,3.6581964,4.1
icsd-422885,4.2562947,2.97
icsd-291597,2.3667874,2.19
icsd-237894,1.6252671,2.4
icsd-600145,0.007590443,0.0
icsd-290871,5.525676,4.300000000000002
icsd-42159,1.8245928,0.0
icsd-196824,0.007590443,0.11744444444444445
icsd-184378,1.5183766,0.0
icsd-430312,1.966793,1.91
icsd-159468,1.8408159,1.8
icsd-41738,0.3424055,1.1827777777777777
icsd-82156,0.44951174,0.0
icsd-290938,0.007590443,0.0
icsd-104490,0.007590443,0.0
icsd-671885,0.007590443,0.0
icsd-76461,0.007590443,0.0
icsd-86746,2.296053,1.89
icsd-190417,1.529964,1.368835
icsd-431760,2.0127761,2.21
icsd-262598,0.84074605,0.82
icsd-86185,0.007590443,0.0
icsd-24130,0.007590443,0.0
icsd-609516,0.007590443,0.0
icsd-416639,3.5688097,3.2
icsd-629865,0.007590443,0.0
icsd-635762,0.007590443,0.0
icsd-193882,3.277319,1.505
icsd-672214,0.007590443,0.0
icsd-59496,0.007590443,0.0
icsd-670967,0.007590443,0.0
icsd-20234,0.6930264,0.0
icsd-150277,0.03223867,0.0
icsd-58676,0.007590443,0.0
icsd-77652,1.5333194,0.55
icsd-238043,1.8780055,2.4
icsd-90170,1.8231106,1.995
icsd-624676,0.007590443,0.0
icsd-615157,2.265982,3.3
icsd-82349,0.28002775,0.0
icsd-619773,1.6980959,1.385
icsd-73105,0.007590443,0.0
icsd-618714,0.007590443,0.0
icsd-194236,3.7633753,3.35
icsd-670637,0.007590443,0.0
icsd-157366,0.007590443,0.0
icsd-170600,2.2553346,1.95
icsd-108323,0.007590443,0.0
icsd-650999,1.1999418,2.43
icsd-104253,0.007590443,0.0
icsd-640618,1.0951364,0.46
icsd-625922,0.007590443,0.0
icsd-425278,5.0524197,4.76
icsd-10339,2.2271378,0.0
icsd-652674,0.92097396,0.37799999999999995
icsd-103033,0.007590443,0.0
icsd-61515,7.7568064,7.949999999999998
icsd-181882,1.3167088,0.0
icsd-281073,0.9108029,2.5
icsd-58154,0.007590443,0.0
icsd-430304,2.8227072,2.65
icsd-44437,0.007590443,0.0
icsd-171218,2.8221126,1.8
icsd-250778,1.7274617,2.16
icsd-280252,1.0431159,0.0
icsd-66531,3.5048716,2.955
icsd-91340,0.007590443,0.0
icsd-261484,3.664572,4.17
icsd-672350,0.007590443,1.3
icsd-671090,0.007590644,0.4
icsd-600849,0.58990014,0.3967857142857144
icsd-409927,1.207273,2.04
icsd-640868,0.007590443,0.0
icsd-670483,1.6350914,0.95
icsd-26514,2.0764592,2.185
icsd-631350,2.217404,1.5
icsd-24223,0.007590443,1.5
icsd-615871,3.5196085,4.125
icsd-240527,7.9385324,8.5
icsd-635243,2.5489347,2.83
icsd-61232,0.030074231,0.0
icsd-58990,0.007590443,0.0
icsd-260623,0.007590443,0.0
icsd-629920,0.007590443,0.0
icsd-77680,0.007590443,2.3
icsd-18319,3.0685394,0.32
icsd-65418,0.007590443,0.0
icsd-66840,1.715991,1.85
icsd-182746,1.0634643,1.57
icsd-183705,2.8066254,3.28
icsd-84989,0.28379235,1.89
icsd-622667,0.007590443,0.0
icsd-652229,0.38502944,1.45
icsd-187976,0.007590443,0.0
icsd-78584,0.31590366,0.0
icsd-106267,0.007590443,0.0
icsd-68327,0.007590443,0.0
icsd-98454,2.7648146,1.0325
icsd-415513,0.007590443,0.0
icsd-193783,2.6031005,3.332
icsd-639388,0.007590443,0.0
icsd-42523,0.007590443,0.0
icsd-415086,2.9908712,3.3
icsd-261700,3.4975212,4.1
icsd-98237,0.007590443,0.0
icsd-102077,0.007590443,0.0
icsd-104609,0.007590443,0.0
icsd-27334,0.007590443,0.0
icsd-42006,0.007590793,0.0
icsd-27153,1.8110336,3.225
icsd-57906,0.007590443,0.0
icsd-281195,1.6171261,1.72
icsd-172383,4.986381,4.64
icsd-650212,0.007590443,0.0
icsd-154856,0.007590443,0.0
icsd-58202,0.007590443,0.0
icsd-164057,0.007590443,0.0
icsd-638684,2.1575842,0.7
icsd-152606,0.007590443,0.0
icsd-168407,0.028255723,1.3
icsd-261970,4.177588,5.47
icsd-249647,3.4885223,3.82
icsd-671522,8.029091,8.5
icsd-637315,0.007590443,0.0
icsd-612248,0.007590443,0.0
icsd-44464,0.007590443,0.0
icsd-162277,0.007590443,0.0
icsd-659054,0.007590443,0.0
icsd-409949,0.007590443,0.0
icsd-25346,0.81022495,1.6
icsd-81813,0.75404435,1.0699999999999998
icsd-44449,0.007590443,0.0
icsd-417659,0.007590443,0.0
icsd-647594,2.6316352,2.18
icsd-103246,0.007590443,0.0
icsd-42538,0.007590443,0.0
icsd-33714,1.7632394,2.048083333333333
icsd-99193,0.007590443,0.0
icsd-670761,0.007590443,1.4
icsd-280770,3.2160757,3.08
icsd-54492,0.007590443,0.0
icsd-257119,1.1173717,0.75
icsd-162202,0.007590443,0.0
icsd-185875,0.007590443,0.0
icsd-99127,1.8422934,2.06
icsd-411603,2.470895,1.26
icsd-197224,1.9544834,1.9
icsd-165261,0.007590443,0.0
icsd-23809,3.4257019,2.25
icsd-53884,0.007590443,0.0
icsd-170334,1.9588573,2.18
icsd-429441,2.7664928,3.25
icsd-202138,0.617996,0.0
icsd-77447,0.007590443,0.0
icsd-670493,3.165806,3.4028090909090905
icsd-79982,0.007590443,0.0
icsd-33239,2.3739417,0.0
icsd-291296,4.0451775,3.6
icsd-242178,2.5347588,2.49
icsd-249150,0.007590443,0.0
icsd-630065,0.007590443,0.0
icsd-74878,2.7505367,2.5
icsd-58817,0.007590443,0.0
icsd-53646,0.0075910985,0.93
icsd-157364,0.007590443,0.0
icsd-242041,0.007590443,0.0
icsd-391354,1.8332136,2.005
icsd-238666,3.0491407,3.12
icsd-429439,1.9686658,3.33
icsd-623541,0.007590443,0.0
icsd-42158,0.007590443,0.0
icsd-643237,1.8684566,2.5
icsd-633890,0.007590443,0.0
icsd-411556,5.155464,0.0
icsd-39824,1.8540188,2.3
icsd-76303,0.36150372,0.0
icsd-280286,1.8895631,2.2
icsd-60439,2.3448422,2.1
icsd-260669,0.007590443,0.0
icsd-424080,1.802739,2.07
icsd-648194,1.2690164,0.0
icsd-183679,2.7516518,0.0
icsd-19005,1.5148898,0.0
icsd-107403,0.007590443,0.0
icsd-73166,0.007590443,0.0
icsd-416983,0.007590443,0.0
icsd-240950,0.007590443,0.0
icsd-108112,0.007590443,0.4
icsd-26473,0.2517022,0.82
icsd-108171,0.0075906515,0.0
icsd-261677,2.0590944,2.38
icsd-82534,0.64368546,0.0
icsd-92615,3.3145764,2.32
icsd-41840,0.007590443,0.0
icsd-103639,0.007590443,0.0
icsd-253228,0.69562584,0.6588888888888889
icsd-174224,0.12248224,1.0
icsd-81658,2.1151428,2.26
icsd-672004,0.007590443,0.0
icsd-35282,0.8500455,1.4533333333333331
icsd-242282,4.3330617,3.44
icsd-58084,0.007590443,0.0
icsd-251501,0.007590443,1.4
icsd-648753,0.5542976,0.75
icsd-423471,5.919091,4.13
icsd-107916,2.6074193,1.51
icsd-9389,0.007590443,0.0
icsd-23277,2.6866176,4.45
icsd-55576,0.007590443,0.0
icsd-58159,0.007590443,0.0
icsd-427335,2.809004,3.64
icsd-671424,0.007590443,0.0
icsd-194091,1.0096407,1.6
icsd-159378,6.540079,7.745000000000001
icsd-652036,0.007590443,0.0
icsd-670731,0.007590443,0.1
icsd-611414,1.6427388,2.12
icsd-52830,0.662661,0.4969411764705883
icsd-600805,0.6757215,1.02
icsd-644796,3.4199693,3.58
icsd-97049,0.78311116,0.0
icsd-81816,1.709698,1.0
icsd-44068,0.007590443,0.0
icsd-2281,0.007590443,0.0
icsd-671344,3.1978924,3.6
icsd-68513,0.007590443,0.0
icsd-631379,1.2970742,1.7
icsd-252703,4.1210704,3.62
icsd-672430,5.6288223,6.1
icsd-408697,1.5720047,0.0
icsd-27027,0.007590443,0.0
icsd-99252,2.593898,0.0
icsd-189385,0.007590443,0.0
icsd-108340,0.007590443,0.0
icsd-56242,0.007590443,0.0
icsd-43059,0.007590443,0.701
icsd-76823,0.007590443,0.0
icsd-637796,2.1068747,2.23
icsd-640037,0.3880576,1.9
icsd-637763,0.007590443,0.0
icsd-243760,2.8980901,2.51
icsd-197478,0.044714242,1.3
icsd-370004,0.007590443,0.0
icsd-409451,0.007590443,0.0
icsd-52280,4.9865227,5.98
icsd-415959,0.1152964,0.0
icsd-236606,7.687992,9.1425
icsd-174360,0.007590443,0.0
icsd-638947,0.007590443,0.0
icsd-159193,0.007590443,0.0
icsd-95495,3.7012315,4.28
icsd-53119,0.007590443,0.0
icsd-412430,0.007590443,0.0
icsd-614620,0.007590443,0.0
icsd-181985,2.6229901,3.4
icsd-426332,1.6568515,2.48
icsd-671962,0.007590443,1.0725
icsd-23742,0.007590443,0.0
icsd-105804,0.007590443,0.0
icsd-638565,2.4642227,1.0
icsd-649354,0.13101736,1.18
icsd-602313,0.007590443,0.0
icsd-424676,2.2389297,2.3
icsd-68539,0.007590443,0.0
icsd-104590,0.007590443,0.0
icsd-23462,1.9319397,0.975
icsd-238235,2.7757516,1.42
icsd-651485,2.3776896,2.225
icsd-616242,0.007590443,0.0
icsd-425156,1.6742969,2.51
icsd-57062,0.007590443,0.0
icsd-24186,0.46773678,1.8
icsd-68318,0.007590443,0.0
icsd-57598,0.007590443,0.0
icsd-281504,2.6214952,2.67
icsd-168450,0.007590443,0.0
icsd-105167,0.007590443,0.0
icsd-671385,3.7608612,2.89
icsd-98140,2.8933377,2.9
icsd-637830,0.007590443,0.0
icsd-422204,2.685408,3.22
icsd-23501,3.6291583,4.05
icsd-58861,0.007590443,0.0
icsd-65763,4.8829217,6.53
icsd-38213,0.73130953,0.0
icsd-168505,2.744372,3.58
icsd-600811,0.70541036,1.08
icsd-631338,1.7271571,1.8
icsd-635286,1.7442306,2.88
icsd-239557,1.4783605,2.98
icsd-28066,1.055397,0.0
icsd-83712,1.5783406,1.95
icsd-25750,2.6596105,3.08
icsd-195746,1.8870834,2.2
icsd-262260,3.7006736,3.3
icsd-249802,0.007590443,0.0
icsd-201344,2.467792,2.5865153846153843
icsd-613720,0.007590443,0.0
icsd-166384,0.007590443,0.0
icsd-671102,0.007590443,0.0
icsd-639065,0.007590443,0.0
icsd-262883,2.0779004,2.18
icsd-58350,0.007590443,0.0
icsd-612261,0.007590443,0.0
icsd-106065,0.007590443,0.0
icsd-193572,1.331707,1.43
icsd-20696,0.007590443,0.0
icsd-183394,2.1295922,2.93
icsd-107319,0.007590443,0.0
icsd-417837,0.007590443,0.0
icsd-650643,0.007590443,0.0
icsd-98508,0.007590443,0.0
icsd-415598,0.007590443,0.0
icsd-635049,2.237984,2.38
icsd-410566,0.007590443,0.0
icsd-609497,0.007590443,0.0
icsd-18017,6.9178886,7.45
icsd-653286,0.007590443,0.0
icsd-648165,1.3829882,1.6275
icsd-41413,8.798704,9.96
icsd-603766,1.3742107,1.6133333333333333
icsd-43098,1.9861912,1.89
icsd-638587,1.9806801,0.7
icsd-24151,1.6717557,2.12
icsd-162685,0.007590443,0.0
icsd-166513,1.2585493,2.77
icsd-33587,0.061951865,1.45
icsd-638878,0.007590443,0.0
icsd-248938,0.94614017,1.35
icsd-670482,1.5167991,0.0
icsd-281442,2.36249,1.94
icsd-243456,1.1989385,2.65
icsd-16037,0.7176416,1.0666666666666669
icsd-655219,2.0066633,2.28
icsd-238192,2.281882,1.6
icsd-180300,1.0023487,1.4
icsd-280311,0.86438715,1.3
icsd-300153,3.08679,3.0
icsd-174518,1.3917661,1.31
icsd-82636,1.3039582,2.0884285714285715
icsd-80043,4.3444586,4.99
icsd-44233,0.007590443,0.0
icsd-196909,3.4427643,4.9
icsd-411393,0.007590443,0.0
icsd-647461,4.3558583,5.0
icsd-171219,1.817188,2.4
icsd-410892,0.007590443,0.0
icsd-625095,0.007590443,0.0
icsd-42711,0.007590443,0.0
icsd-167355,1.9124676,3.09
icsd-623417,0.007590443,0.0
icsd-157999,0.007590443,0.0
icsd-602103,0.007590443,0.0
icsd-57119,0.007590443,0.0
icsd-248163,2.40053,3.14
icsd-251810,0.007590443,0.0
icsd-63174,0.15889601,0.0
icsd-6318,0.008444808,0.0
icsd-170876,3.058306,0.0
icsd-626604,0.080114864,1.0
icsd-261385,1.8450103,2.41
icsd-670058,1.8233814,2.2
icsd-171239,2.3048368,3.9
icsd-103117,0.007590443,0.0
icsd-56404,0.007590443,0.0
icsd-36009,1.7231477,1.4
icsd-642725,2.2096932,1.4
icsd-150569,0.007590443,0.0
icsd-30789,2.826963,2.26
icsd-657340,0.007590547,1.15
icsd-613106,0.007590443,0.0
icsd-427977,2.4402802,2.6
icsd-54365,0.007590443,0.0
icsd-84610,-0.0500611,0.0
icsd-164882,3.9609807,4.59
icsd-107845,0.007590443,0.0
icsd-430627,1.3998616,1.615
icsd-248164,3.1372244,2.79
icsd-43248,0.007590443,0.0
icsd-414478,0.007590443,0.0
icsd-174519,1.656304,1.5
icsd-622188,0.007590443,0.0
icsd-46020,2.3110762,3.057
icsd-409869,0.007590443,0.0
icsd-415944,0.007590443,0.23
icsd-25782,3.6072872,4.47
icsd-95093,0.007657297,0.71
icsd-44128,0.39237896,0.59
icsd-106129,0.007590443,0.0
icsd-78984,0.007590443,0.0
icsd-90388,0.007590443,0.0
icsd-239646,0.85259277,0.0
icsd-616450,0.007590443,0.0
icsd-10293,0.007590443,0.0
icsd-262889,2.4199445,2.2
icsd-637166,3.600189,3.05
icsd-87158,0.007590443,0.0
icsd-600818,1.0263205,1.2063636363636363
icsd-430092,1.6578933,1.7
icsd-54246,0.007590443,0.0
icsd-627202,0.007590443,0.0
icsd-31861,3.3115184,2.45
icsd-636602,0.007590443,0.0
icsd-185970,2.827737,3.455
icsd-615944,0.007590443,0.0
icsd-643093,0.007590443,0.0
icsd-44706,0.4523286,0.7634615384615385
icsd-44423,0.007590443,0.0
icsd-625370,0.007590443,0.0
